;Type;Description;ICC;F;df1;df2;pval;CI95%;Stage;Group;Bands;Components
0;ICC1;Single raters absolute;0.592653;6.819642;42;129;0.0;[0.45 0.73];Preprocessed data;Control;delta;C14
1;ICC2;Single random raters;0.593094;6.893029;42;126;0.0;[0.45 0.73];Preprocessed data;Control;delta;C14
2;ICC3;Single fixed raters;0.595675;6.893029;42;126;0.0;[0.45 0.73];Preprocessed data;Control;delta;C14
3;ICC1k;Average raters absolute;0.853365;6.819642;42;129;0.0;[0.77 0.91];Preprocessed data;Control;delta;C14
4;ICC2k;Average random raters;0.853593;6.893029;42;126;0.0;[0.77 0.91];Preprocessed data;Control;delta;C14
5;ICC3k;Average fixed raters;0.854926;6.893029;42;126;0.0;[0.77 0.91];Preprocessed data;Control;delta;C14
6;ICC1;Single raters absolute;0.802401;17.243047;42;129;0.0;[0.71 0.88];Preprocessed data;Control;theta;C14
7;ICC2;Single random raters;0.802269;17.013333;42;126;0.0;[0.71 0.88];Preprocessed data;Control;theta;C14
8;ICC3;Single fixed raters;0.800133;17.013333;42;126;0.0;[0.71 0.87];Preprocessed data;Control;theta;C14
9;ICC1k;Average raters absolute;0.942006;17.243047;42;129;0.0;[0.91 0.97];Preprocessed data;Control;theta;C14
10;ICC2k;Average random raters;0.94196;17.013333;42;126;0.0;[0.91 0.97];Preprocessed data;Control;theta;C14
11;ICC3k;Average fixed raters;0.941223;17.013333;42;126;0.0;[0.91 0.97];Preprocessed data;Control;theta;C14
12;ICC1;Single raters absolute;0.768166;14.253706;42;129;0.0;[0.67 0.85];Preprocessed data;Control;alpha-1;C14
13;ICC2;Single random raters;0.768109;14.193997;42;126;0.0;[0.66 0.85];Preprocessed data;Control;alpha-1;C14
14;ICC3;Single fixed raters;0.767361;14.193997;42;126;0.0;[0.66 0.85];Preprocessed data;Control;alpha-1;C14
15;ICC1k;Average raters absolute;0.929843;14.253706;42;129;0.0;[0.89 0.96];Preprocessed data;Control;alpha-1;C14
16;ICC2k;Average random raters;0.929822;14.193997;42;126;0.0;[0.89 0.96];Preprocessed data;Control;alpha-1;C14
17;ICC3k;Average fixed raters;0.929548;14.193997;42;126;0.0;[0.89 0.96];Preprocessed data;Control;alpha-1;C14
18;ICC1;Single raters absolute;0.815594;18.691275;42;129;0.0;[0.73 0.88];Preprocessed data;Control;alpha-2;C14
19;ICC2;Single random raters;0.815969;19.555692;42;126;0.0;[0.73 0.89];Preprocessed data;Control;alpha-2;C14
20;ICC3;Single fixed raters;0.822661;19.555692;42;126;0.0;[0.74 0.89];Preprocessed data;Control;alpha-2;C14
21;ICC1k;Average raters absolute;0.946499;18.691275;42;129;0.0;[0.91 0.97];Preprocessed data;Control;alpha-2;C14
22;ICC2k;Average random raters;0.946625;19.555692;42;126;0.0;[0.91 0.97];Preprocessed data;Control;alpha-2;C14
23;ICC3k;Average fixed raters;0.948864;19.555692;42;126;0.0;[0.92 0.97];Preprocessed data;Control;alpha-2;C14
24;ICC1;Single raters absolute;0.631467;7.853856;42;129;0.0;[0.5  0.76];Preprocessed data;Control;beta1;C14
25;ICC2;Single random raters;0.633219;8.283333;42;126;0.0;[0.5  0.76];Preprocessed data;Control;beta1;C14
26;ICC3;Single fixed raters;0.645495;8.283333;42;126;0.0;[0.51 0.77];Preprocessed data;Control;beta1;C14
27;ICC1k;Average raters absolute;0.872674;7.853856;42;129;0.0;[0.8  0.93];Preprocessed data;Control;beta1;C14
28;ICC2k;Average random raters;0.873509;8.283333;42;126;0.0;[0.8  0.93];Preprocessed data;Control;beta1;C14
29;ICC3k;Average fixed raters;0.879276;8.283333;42;126;0.0;[0.81 0.93];Preprocessed data;Control;beta1;C14
30;ICC1;Single raters absolute;0.724818;11.535855;42;129;0.0;[0.61 0.82];Preprocessed data;Control;beta2;C14
31;ICC2;Single random raters;0.724616;11.413893;42;126;0.0;[0.61 0.82];Preprocessed data;Control;beta2;C14
32;ICC3;Single fixed raters;0.72249;11.413893;42;126;0.0;[0.61 0.82];Preprocessed data;Control;beta2;C14
33;ICC1k;Average raters absolute;0.913314;11.535855;42;129;0.0;[0.86 0.95];Preprocessed data;Control;beta2;C14
34;ICC2k;Average random raters;0.913233;11.413893;42;126;0.0;[0.86 0.95];Preprocessed data;Control;beta2;C14
35;ICC3k;Average fixed raters;0.912387;11.413893;42;126;0.0;[0.86 0.95];Preprocessed data;Control;beta2;C14
36;ICC1;Single raters absolute;0.812353;18.316641;42;129;0.0;[0.72 0.88];Preprocessed data;Control;beta3;C14
37;ICC2;Single random raters;0.812193;17.990422;42;126;0.0;[0.72 0.88];Preprocessed data;Control;beta3;C14
38;ICC3;Single fixed raters;0.809437;17.990422;42;126;0.0;[0.72 0.88];Preprocessed data;Control;beta3;C14
39;ICC1k;Average raters absolute;0.945405;18.316641;42;129;0.0;[0.91 0.97];Preprocessed data;Control;beta3;C14
40;ICC2k;Average random raters;0.945351;17.990422;42;126;0.0;[0.91 0.97];Preprocessed data;Control;beta3;C14
41;ICC3k;Average fixed raters;0.944415;17.990422;42;126;0.0;[0.91 0.97];Preprocessed data;Control;beta3;C14
42;ICC1;Single raters absolute;0.660104;8.768313;42;129;0.0;[0.53 0.78];Preprocessed data;Control;gamma;C14
43;ICC2;Single random raters;0.660205;8.798959;42;126;0.0;[0.53 0.78];Preprocessed data;Control;gamma;C14
44;ICC3;Single fixed raters;0.660987;8.798959;42;126;0.0;[0.53 0.78];Preprocessed data;Control;gamma;C14
45;ICC1k;Average raters absolute;0.885953;8.768313;42;129;0.0;[0.82 0.93];Preprocessed data;Control;gamma;C14
46;ICC2k;Average random raters;0.885998;8.798959;42;126;0.0;[0.82 0.93];Preprocessed data;Control;gamma;C14
47;ICC3k;Average fixed raters;0.88635;8.798959;42;126;0.0;[0.82 0.93];Preprocessed data;Control;gamma;C14
48;ICC1;Single raters absolute;0.656265;8.636867;42;129;0.0;[0.52 0.77];Preprocessed data;Control;delta;C15
49;ICC2;Single random raters;0.656365;8.666203;42;126;0.0;[0.53 0.77];Preprocessed data;Control;delta;C15
50;ICC3;Single fixed raters;0.657129;8.666203;42;126;0.0;[0.53 0.77];Preprocessed data;Control;delta;C15
51;ICC1k;Average raters absolute;0.884217;8.636867;42;129;0.0;[0.82 0.93];Preprocessed data;Control;delta;C15
52;ICC2k;Average random raters;0.884263;8.666203;42;126;0.0;[0.82 0.93];Preprocessed data;Control;delta;C15
53;ICC3k;Average fixed raters;0.884609;8.666203;42;126;0.0;[0.82 0.93];Preprocessed data;Control;delta;C15
54;ICC1;Single raters absolute;0.7955;16.559888;42;129;0.0;[0.7  0.87];Preprocessed data;Control;theta;C15
55;ICC2;Single random raters;0.795358;16.338281;42;126;0.0;[0.7  0.87];Preprocessed data;Control;theta;C15
56;ICC3;Single fixed raters;0.793156;16.338281;42;126;0.0;[0.7  0.87];Preprocessed data;Control;theta;C15
57;ICC1k;Average raters absolute;0.939613;16.559888;42;129;0.0;[0.9  0.96];Preprocessed data;Control;theta;C15
58;ICC2k;Average random raters;0.939564;16.338281;42;126;0.0;[0.9  0.96];Preprocessed data;Control;theta;C15
59;ICC3k;Average fixed raters;0.938794;16.338281;42;126;0.0;[0.9  0.96];Preprocessed data;Control;theta;C15
60;ICC1;Single raters absolute;0.721032;11.338579;42;129;0.0;[0.6  0.82];Preprocessed data;Control;alpha-1;C15
61;ICC2;Single random raters;0.720764;11.184526;42;126;0.0;[0.6  0.82];Preprocessed data;Control;alpha-1;C15
62;ICC3;Single fixed raters;0.718003;11.184526;42;126;0.0;[0.6  0.82];Preprocessed data;Control;alpha-1;C15
63;ICC1k;Average raters absolute;0.911806;11.338579;42;129;0.0;[0.86 0.95];Preprocessed data;Control;alpha-1;C15
64;ICC2k;Average random raters;0.911698;11.184526;42;126;0.0;[0.86 0.95];Preprocessed data;Control;alpha-1;C15
65;ICC3k;Average fixed raters;0.910591;11.184526;42;126;0.0;[0.86 0.95];Preprocessed data;Control;alpha-1;C15
66;ICC1;Single raters absolute;0.664228;8.912851;42;129;0.0;[0.53 0.78];Preprocessed data;Control;alpha-2;C15
67;ICC2;Single random raters;0.664058;8.859487;42;126;0.0;[0.53 0.78];Preprocessed data;Control;alpha-2;C15
68;ICC3;Single fixed raters;0.662717;8.859487;42;126;0.0;[0.53 0.78];Preprocessed data;Control;alpha-2;C15
69;ICC1k;Average raters absolute;0.887802;8.912851;42;129;0.0;[0.82 0.93];Preprocessed data;Control;alpha-2;C15
70;ICC2k;Average random raters;0.887727;8.859487;42;126;0.0;[0.82 0.93];Preprocessed data;Control;alpha-2;C15
71;ICC3k;Average fixed raters;0.887127;8.859487;42;126;0.0;[0.82 0.93];Preprocessed data;Control;alpha-2;C15
72;ICC1;Single raters absolute;0.725971;11.596991;42;129;0.0;[0.61 0.82];Preprocessed data;Control;beta1;C15
73;ICC2;Single random raters;0.726728;12.085902;42;126;0.0;[0.61 0.82];Preprocessed data;Control;beta1;C15
74;ICC3;Single fixed raters;0.734852;12.085902;42;126;0.0;[0.62 0.83];Preprocessed data;Control;beta1;C15
75;ICC1k;Average raters absolute;0.913771;11.596991;42;129;0.0;[0.86 0.95];Preprocessed data;Control;beta1;C15
76;ICC2k;Average random raters;0.91407;12.085902;42;126;0.0;[0.86 0.95];Preprocessed data;Control;beta1;C15
77;ICC3k;Average fixed raters;0.917259;12.085902;42;126;0.0;[0.87 0.95];Preprocessed data;Control;beta1;C15
78;ICC1;Single raters absolute;0.78926;15.980739;42;129;0.0;[0.69 0.87];Preprocessed data;Control;beta2;C15
79;ICC2;Single random raters;0.789504;16.340146;42;126;0.0;[0.69 0.87];Preprocessed data;Control;beta2;C15
80;ICC3;Single fixed raters;0.793176;16.340146;42;126;0.0;[0.7  0.87];Preprocessed data;Control;beta2;C15
81;ICC1k;Average raters absolute;0.937425;15.980739;42;129;0.0;[0.9  0.96];Preprocessed data;Control;beta2;C15
82;ICC2k;Average random raters;0.937511;16.340146;42;126;0.0;[0.9  0.96];Preprocessed data;Control;beta2;C15
83;ICC3k;Average fixed raters;0.938801;16.340146;42;126;0.0;[0.9  0.96];Preprocessed data;Control;beta2;C15
84;ICC1;Single raters absolute;0.777918;15.011356;42;129;0.0;[0.68 0.86];Preprocessed data;Control;beta3;C15
85;ICC2;Single random raters;0.77768;14.727916;42;126;0.0;[0.68 0.86];Preprocessed data;Control;beta3;C15
86;ICC3;Single fixed raters;0.774367;14.727916;42;126;0.0;[0.67 0.86];Preprocessed data;Control;beta3;C15
87;ICC1k;Average raters absolute;0.933384;15.011356;42;129;0.0;[0.89 0.96];Preprocessed data;Control;beta3;C15
88;ICC2k;Average random raters;0.933298;14.727916;42;126;0.0;[0.89 0.96];Preprocessed data;Control;beta3;C15
89;ICC3k;Average fixed raters;0.932102;14.727916;42;126;0.0;[0.89 0.96];Preprocessed data;Control;beta3;C15
90;ICC1;Single raters absolute;0.691413;9.962322;42;129;0.0;[0.57 0.8 ];Preprocessed data;Control;gamma;C15
91;ICC2;Single random raters;0.691268;9.901732;42;126;0.0;[0.57 0.8 ];Preprocessed data;Control;gamma;C15
92;ICC3;Single fixed raters;0.689964;9.901732;42;126;0.0;[0.57 0.8 ];Preprocessed data;Control;gamma;C15
93;ICC1k;Average raters absolute;0.899622;9.962322;42;129;0.0;[0.84 0.94];Preprocessed data;Control;gamma;C15
94;ICC2k;Average random raters;0.89956;9.901732;42;126;0.0;[0.84 0.94];Preprocessed data;Control;gamma;C15
95;ICC3k;Average fixed raters;0.899008;9.901732;42;126;0.0;[0.84 0.94];Preprocessed data;Control;gamma;C15
96;ICC1;Single raters absolute;0.668361;9.061317;42;129;0.0;[0.54 0.78];Preprocessed data;Control;delta;C18
97;ICC2;Single random raters;0.669157;9.331884;42;126;0.0;[0.54 0.78];Preprocessed data;Control;delta;C18
98;ICC3;Single fixed raters;0.675638;9.331884;42;126;0.0;[0.55 0.79];Preprocessed data;Control;delta;C18
99;ICC1k;Average raters absolute;0.889641;9.061317;42;129;0.0;[0.82 0.94];Preprocessed data;Control;delta;C18
100;ICC2k;Average random raters;0.889993;9.331884;42;126;0.0;[0.82 0.94];Preprocessed data;Control;delta;C18
101;ICC3k;Average fixed raters;0.892841;9.331884;42;126;0.0;[0.83 0.94];Preprocessed data;Control;delta;C18
102;ICC1;Single raters absolute;0.819674;19.182107;42;129;0.0;[0.73 0.89];Preprocessed data;Control;theta;C18
103;ICC2;Single random raters;0.819655;19.136285;42;126;0.0;[0.73 0.89];Preprocessed data;Control;theta;C18
104;ICC3;Single fixed raters;0.819301;19.136285;42;126;0.0;[0.73 0.89];Preprocessed data;Control;theta;C18
105;ICC1k;Average raters absolute;0.947868;19.182107;42;129;0.0;[0.92 0.97];Preprocessed data;Control;theta;C18
106;ICC2k;Average random raters;0.947862;19.136285;42;126;0.0;[0.92 0.97];Preprocessed data;Control;theta;C18
107;ICC3k;Average fixed raters;0.947743;19.136285;42;126;0.0;[0.92 0.97];Preprocessed data;Control;theta;C18
108;ICC1;Single raters absolute;0.713449;10.959131;42;129;0.0;[0.6  0.81];Preprocessed data;Control;alpha-1;C18
109;ICC2;Single random raters;0.713713;11.101993;42;126;0.0;[0.6  0.82];Preprocessed data;Control;alpha-1;C18
110;ICC3;Single fixed raters;0.716352;11.101993;42;126;0.0;[0.6  0.82];Preprocessed data;Control;alpha-1;C18
111;ICC1k;Average raters absolute;0.908752;10.959131;42;129;0.0;[0.85 0.95];Preprocessed data;Control;alpha-1;C18
112;ICC2k;Average random raters;0.908859;11.101993;42;126;0.0;[0.85 0.95];Preprocessed data;Control;alpha-1;C18
113;ICC3k;Average fixed raters;0.909926;11.101993;42;126;0.0;[0.86 0.95];Preprocessed data;Control;alpha-1;C18
114;ICC1;Single raters absolute;0.746536;12.781313;42;129;0.0;[0.64 0.84];Preprocessed data;Control;alpha-2;C18
115;ICC2;Single random raters;0.746596;12.829316;42;126;0.0;[0.64 0.84];Preprocessed data;Control;alpha-2;C18
116;ICC3;Single fixed raters;0.747304;12.829316;42;126;0.0;[0.64 0.84];Preprocessed data;Control;alpha-2;C18
117;ICC1k;Average raters absolute;0.921761;12.781313;42;129;0.0;[0.88 0.95];Preprocessed data;Control;alpha-2;C18
118;ICC2k;Average random raters;0.921784;12.829316;42;126;0.0;[0.88 0.95];Preprocessed data;Control;alpha-2;C18
119;ICC3k;Average fixed raters;0.922054;12.829316;42;126;0.0;[0.88 0.95];Preprocessed data;Control;alpha-2;C18
120;ICC1;Single raters absolute;0.750287;13.018395;42;129;0.0;[0.64 0.84];Preprocessed data;Control;beta1;C18
121;ICC2;Single random raters;0.750509;13.206274;42;126;0.0;[0.64 0.84];Preprocessed data;Control;beta1;C18
122;ICC3;Single fixed raters;0.753182;13.206274;42;126;0.0;[0.65 0.84];Preprocessed data;Control;beta1;C18
123;ICC1k;Average raters absolute;0.923186;13.018395;42;129;0.0;[0.88 0.95];Preprocessed data;Control;beta1;C18
124;ICC2k;Average random raters;0.923269;13.206274;42;126;0.0;[0.88 0.95];Preprocessed data;Control;beta1;C18
125;ICC3k;Average fixed raters;0.924278;13.206274;42;126;0.0;[0.88 0.96];Preprocessed data;Control;beta1;C18
126;ICC1;Single raters absolute;0.739263;12.34114;42;129;0.0;[0.63 0.83];Preprocessed data;Control;beta2;C18
127;ICC2;Single random raters;0.739502;12.51686;42;126;0.0;[0.63 0.83];Preprocessed data;Control;beta2;C18
128;ICC3;Single fixed raters;0.742216;12.51686;42;126;0.0;[0.63 0.84];Preprocessed data;Control;beta2;C18
129;ICC1k;Average raters absolute;0.91897;12.34114;42;129;0.0;[0.87 0.95];Preprocessed data;Control;beta2;C18
130;ICC2k;Average random raters;0.919062;12.51686;42;126;0.0;[0.87 0.95];Preprocessed data;Control;beta2;C18
131;ICC3k;Average fixed raters;0.920108;12.51686;42;126;0.0;[0.87 0.95];Preprocessed data;Control;beta2;C18
132;ICC1;Single raters absolute;0.841062;22.167018;42;129;0.0;[0.76 0.9 ];Preprocessed data;Control;beta3;C18
133;ICC2;Single random raters;0.840962;21.822741;42;126;0.0;[0.76 0.9 ];Preprocessed data;Control;beta3;C18
134;ICC3;Single fixed raters;0.838857;21.822741;42;126;0.0;[0.76 0.9 ];Preprocessed data;Control;beta3;C18
135;ICC1k;Average raters absolute;0.954888;22.167018;42;129;0.0;[0.93 0.97];Preprocessed data;Control;beta3;C18
136;ICC2k;Average random raters;0.954856;21.822741;42;126;0.0;[0.93 0.97];Preprocessed data;Control;beta3;C18
137;ICC3k;Average fixed raters;0.954176;21.822741;42;126;0.0;[0.93 0.97];Preprocessed data;Control;beta3;C18
138;ICC1;Single raters absolute;0.683459;9.636598;42;129;0.0;[0.56 0.79];Preprocessed data;Control;gamma;C18
139;ICC2;Single random raters;0.683594;9.688885;42;126;0.0;[0.56 0.79];Preprocessed data;Control;gamma;C18
140;ICC3;Single fixed raters;0.684763;9.688885;42;126;0.0;[0.56 0.79];Preprocessed data;Control;gamma;C18
141;ICC1k;Average raters absolute;0.896229;9.636598;42;129;0.0;[0.83 0.94];Preprocessed data;Control;gamma;C18
142;ICC2k;Average random raters;0.896287;9.688885;42;126;0.0;[0.83 0.94];Preprocessed data;Control;gamma;C18
143;ICC3k;Average fixed raters;0.896789;9.688885;42;126;0.0;[0.84 0.94];Preprocessed data;Control;gamma;C18
144;ICC1;Single raters absolute;0.590431;6.766374;42;129;0.0;[0.45 0.72];Preprocessed data;Control;delta;C20
145;ICC2;Single random raters;0.590585;6.791227;42;126;0.0;[0.45 0.72];Preprocessed data;Control;delta;C20
146;ICC3;Single fixed raters;0.591471;6.791227;42;126;0.0;[0.45 0.72];Preprocessed data;Control;delta;C20
147;ICC1k;Average raters absolute;0.85221;6.766374;42;129;0.0;[0.76 0.91];Preprocessed data;Control;delta;C20
148;ICC2k;Average random raters;0.85229;6.791227;42;126;0.0;[0.76 0.91];Preprocessed data;Control;delta;C20
149;ICC3k;Average fixed raters;0.852751;6.791227;42;126;0.0;[0.76 0.91];Preprocessed data;Control;delta;C20
150;ICC1;Single raters absolute;0.826078;19.998763;42;129;0.0;[0.74 0.89];Preprocessed data;Control;theta;C20
151;ICC2;Single random raters;0.826007;19.814793;42;126;0.0;[0.74 0.89];Preprocessed data;Control;theta;C20
152;ICC3;Single fixed raters;0.824675;19.814793;42;126;0.0;[0.74 0.89];Preprocessed data;Control;theta;C20
153;ICC1k;Average raters absolute;0.949997;19.998763;42;129;0.0;[0.92 0.97];Preprocessed data;Control;theta;C20
154;ICC2k;Average random raters;0.949974;19.814793;42;126;0.0;[0.92 0.97];Preprocessed data;Control;theta;C20
155;ICC3k;Average fixed raters;0.949533;19.814793;42;126;0.0;[0.92 0.97];Preprocessed data;Control;theta;C20
156;ICC1;Single raters absolute;0.775008;14.778396;42;129;0.0;[0.67 0.86];Preprocessed data;Control;alpha-1;C20
157;ICC2;Single random raters;0.775065;14.845547;42;126;0.0;[0.67 0.86];Preprocessed data;Control;alpha-1;C20
158;ICC3;Single fixed raters;0.775854;14.845547;42;126;0.0;[0.67 0.86];Preprocessed data;Control;alpha-1;C20
159;ICC1k;Average raters absolute;0.932334;14.778396;42;129;0.0;[0.89 0.96];Preprocessed data;Control;alpha-1;C20
160;ICC2k;Average random raters;0.932354;14.845547;42;126;0.0;[0.89 0.96];Preprocessed data;Control;alpha-1;C20
161;ICC3k;Average fixed raters;0.93264;14.845547;42;126;0.0;[0.89 0.96];Preprocessed data;Control;alpha-1;C20
162;ICC1;Single raters absolute;0.787057;15.784388;42;129;0.0;[0.69 0.87];Preprocessed data;Control;alpha-2;C20
163;ICC2;Single random raters;0.787116;15.867156;42;126;0.0;[0.69 0.87];Preprocessed data;Control;alpha-2;C20
164;ICC3;Single fixed raters;0.787991;15.867156;42;126;0.0;[0.69 0.87];Preprocessed data;Control;alpha-2;C20
165;ICC1k;Average raters absolute;0.936646;15.784388;42;129;0.0;[0.9  0.96];Preprocessed data;Control;alpha-2;C20
166;ICC2k;Average random raters;0.936667;15.867156;42;126;0.0;[0.9  0.96];Preprocessed data;Control;alpha-2;C20
167;ICC3k;Average fixed raters;0.936977;15.867156;42;126;0.0;[0.9  0.96];Preprocessed data;Control;alpha-2;C20
168;ICC1;Single raters absolute;0.730974;11.868476;42;129;0.0;[0.62 0.83];Preprocessed data;Control;beta1;C20
169;ICC2;Single random raters;0.730653;11.661604;42;126;0.0;[0.62 0.83];Preprocessed data;Control;beta1;C20
170;ICC3;Single fixed raters;0.727179;11.661604;42;126;0.0;[0.61 0.82];Preprocessed data;Control;beta1;C20
171;ICC1k;Average raters absolute;0.915743;11.868476;42;129;0.0;[0.87 0.95];Preprocessed data;Control;beta1;C20
172;ICC2k;Average random raters;0.915617;11.661604;42;126;0.0;[0.87 0.95];Preprocessed data;Control;beta1;C20
173;ICC3k;Average fixed raters;0.914249;11.661604;42;126;0.0;[0.86 0.95];Preprocessed data;Control;beta1;C20
174;ICC1;Single raters absolute;0.674714;9.296882;42;129;0.0;[0.55 0.79];Preprocessed data;Control;beta2;C20
175;ICC2;Single random raters;0.674224;9.127838;42;126;0.0;[0.55 0.79];Preprocessed data;Control;beta2;C20
176;ICC3;Single fixed raters;0.67018;9.127838;42;126;0.0;[0.54 0.78];Preprocessed data;Control;beta2;C20
177;ICC1k;Average raters absolute;0.892437;9.296882;42;129;0.0;[0.83 0.94];Preprocessed data;Control;beta2;C20
178;ICC2k;Average random raters;0.892222;9.127838;42;126;0.0;[0.83 0.94];Preprocessed data;Control;beta2;C20
179;ICC3k;Average fixed raters;0.890445;9.127838;42;126;0.0;[0.83 0.94];Preprocessed data;Control;beta2;C20
180;ICC1;Single raters absolute;0.768841;14.304121;42;129;0.0;[0.67 0.85];Preprocessed data;Control;beta3;C20
181;ICC2;Single random raters;0.768704;14.158826;42;126;0.0;[0.67 0.85];Preprocessed data;Control;beta3;C20
182;ICC3;Single fixed raters;0.766884;14.158826;42;126;0.0;[0.66 0.85];Preprocessed data;Control;beta3;C20
183;ICC1k;Average raters absolute;0.93009;14.304121;42;129;0.0;[0.89 0.96];Preprocessed data;Control;beta3;C20
184;ICC2k;Average random raters;0.93004;14.158826;42;126;0.0;[0.89 0.96];Preprocessed data;Control;beta3;C20
185;ICC3k;Average fixed raters;0.929373;14.158826;42;126;0.0;[0.89 0.96];Preprocessed data;Control;beta3;C20
186;ICC1;Single raters absolute;0.713516;10.962375;42;129;0.0;[0.6  0.81];Preprocessed data;Control;gamma;C20
187;ICC2;Single random raters;0.713346;10.872345;42;126;0.0;[0.59 0.81];Preprocessed data;Control;gamma;C20
188;ICC3;Single fixed raters;0.711657;10.872345;42;126;0.0;[0.59 0.81];Preprocessed data;Control;gamma;C20
189;ICC1k;Average raters absolute;0.908779;10.962375;42;129;0.0;[0.85 0.95];Preprocessed data;Control;gamma;C20
190;ICC2k;Average random raters;0.90871;10.872345;42;126;0.0;[0.85 0.95];Preprocessed data;Control;gamma;C20
191;ICC3k;Average fixed raters;0.908024;10.872345;42;126;0.0;[0.85 0.95];Preprocessed data;Control;gamma;C20
192;ICC1;Single raters absolute;0.516944;5.280615;42;129;0.0;[0.37 0.67];Preprocessed data;Control;delta;C22
193;ICC2;Single random raters;0.521076;5.686885;42;126;0.0;[0.37 0.67];Preprocessed data;Control;delta;C22
194;ICC3;Single fixed raters;0.539536;5.686885;42;126;0.0;[0.39 0.68];Preprocessed data;Control;delta;C22
195;ICC1k;Average raters absolute;0.810628;5.280615;42;129;0.0;[0.7  0.89];Preprocessed data;Control;delta;C22
196;ICC2k;Average random raters;0.813156;5.686885;42;126;0.0;[0.7  0.89];Preprocessed data;Control;delta;C22
197;ICC3k;Average fixed raters;0.824157;5.686885;42;126;0.0;[0.72 0.9 ];Preprocessed data;Control;delta;C22
198;ICC1;Single raters absolute;0.82776;20.223417;42;129;0.0;[0.75 0.89];Preprocessed data;Control;theta;C22
199;ICC2;Single random raters;0.827942;20.733966;42;126;0.0;[0.75 0.89];Preprocessed data;Control;theta;C22
200;ICC3;Single fixed raters;0.831465;20.733966;42;126;0.0;[0.75 0.9 ];Preprocessed data;Control;theta;C22
201;ICC1k;Average raters absolute;0.950552;20.223417;42;129;0.0;[0.92 0.97];Preprocessed data;Control;theta;C22
202;ICC2k;Average random raters;0.950613;20.733966;42;126;0.0;[0.92 0.97];Preprocessed data;Control;theta;C22
203;ICC3k;Average fixed raters;0.95177;20.733966;42;126;0.0;[0.92 0.97];Preprocessed data;Control;theta;C22
204;ICC1;Single raters absolute;0.740913;12.438858;42;129;0.0;[0.63 0.83];Preprocessed data;Control;alpha-1;C22
205;ICC2;Single random raters;0.741908;13.225974;42;126;0.0;[0.63 0.84];Preprocessed data;Control;alpha-1;C22
206;ICC3;Single fixed raters;0.753482;13.225974;42;126;0.0;[0.65 0.84];Preprocessed data;Control;alpha-1;C22
207;ICC1k;Average raters absolute;0.919607;12.438858;42;129;0.0;[0.87 0.95];Preprocessed data;Control;alpha-1;C22
208;ICC2k;Average random raters;0.91999;13.225974;42;126;0.0;[0.87 0.95];Preprocessed data;Control;alpha-1;C22
209;ICC3k;Average fixed raters;0.924391;13.225974;42;126;0.0;[0.88 0.96];Preprocessed data;Control;alpha-1;C22
210;ICC1;Single raters absolute;0.817116;18.871828;42;129;0.0;[0.73 0.89];Preprocessed data;Control;alpha-2;C22
211;ICC2;Single random raters;0.8172;19.061798;42;126;0.0;[0.73 0.89];Preprocessed data;Control;alpha-2;C22
212;ICC3;Single fixed raters;0.818691;19.061798;42;126;0.0;[0.73 0.89];Preprocessed data;Control;alpha-2;C22
213;ICC1k;Average raters absolute;0.947011;18.871828;42;129;0.0;[0.92 0.97];Preprocessed data;Control;alpha-2;C22
214;ICC2k;Average random raters;0.947039;19.061798;42;126;0.0;[0.92 0.97];Preprocessed data;Control;alpha-2;C22
215;ICC3k;Average fixed raters;0.947539;19.061798;42;126;0.0;[0.92 0.97];Preprocessed data;Control;alpha-2;C22
216;ICC1;Single raters absolute;0.791407;16.176138;42;129;0.0;[0.7  0.87];Preprocessed data;Control;beta1;C22
217;ICC2;Single random raters;0.791472;16.272631;42;126;0.0;[0.7  0.87];Preprocessed data;Control;beta1;C22
218;ICC3;Single fixed raters;0.792452;16.272631;42;126;0.0;[0.7  0.87];Preprocessed data;Control;beta1;C22
219;ICC1k;Average raters absolute;0.938181;16.176138;42;129;0.0;[0.9  0.96];Preprocessed data;Control;beta1;C22
220;ICC2k;Average random raters;0.938203;16.272631;42;126;0.0;[0.9  0.96];Preprocessed data;Control;beta1;C22
221;ICC3k;Average fixed raters;0.938547;16.272631;42;126;0.0;[0.9  0.96];Preprocessed data;Control;beta1;C22
222;ICC1;Single raters absolute;0.798405;16.841786;42;129;0.0;[0.71 0.87];Preprocessed data;Control;beta2;C22
223;ICC2;Single random raters;0.798668;17.289566;42;126;0.0;[0.71 0.87];Preprocessed data;Control;beta2;C22
224;ICC3;Single fixed raters;0.802854;17.289566;42;126;0.0;[0.71 0.88];Preprocessed data;Control;beta2;C22
225;ICC1k;Average raters absolute;0.940624;16.841786;42;129;0.0;[0.91 0.97];Preprocessed data;Control;beta2;C22
226;ICC2k;Average random raters;0.940715;17.289566;42;126;0.0;[0.91 0.97];Preprocessed data;Control;beta2;C22
227;ICC3k;Average fixed raters;0.942162;17.289566;42;126;0.0;[0.91 0.97];Preprocessed data;Control;beta2;C22
228;ICC1;Single raters absolute;0.82248;19.532712;42;129;0.0;[0.74 0.89];Preprocessed data;Control;beta3;C22
229;ICC2;Single random raters;0.822432;19.413925;42;126;0.0;[0.74 0.89];Preprocessed data;Control;beta3;C22
230;ICC3;Single fixed raters;0.82154;19.413925;42;126;0.0;[0.74 0.89];Preprocessed data;Control;beta3;C22
231;ICC1k;Average raters absolute;0.948804;19.532712;42;129;0.0;[0.92 0.97];Preprocessed data;Control;beta3;C22
232;ICC2k;Average random raters;0.948788;19.413925;42;126;0.0;[0.92 0.97];Preprocessed data;Control;beta3;C22
233;ICC3k;Average fixed raters;0.948491;19.413925;42;126;0.0;[0.92 0.97];Preprocessed data;Control;beta3;C22
234;ICC1;Single raters absolute;0.757102;13.46784;42;129;0.0;[0.65 0.85];Preprocessed data;Control;gamma;C22
235;ICC2;Single random raters;0.756828;13.222169;42;126;0.0;[0.65 0.85];Preprocessed data;Control;gamma;C22
236;ICC3;Single fixed raters;0.753424;13.222169;42;126;0.0;[0.65 0.84];Preprocessed data;Control;gamma;C22
237;ICC1k;Average raters absolute;0.925749;13.46784;42;129;0.0;[0.88 0.96];Preprocessed data;Control;gamma;C22
238;ICC2k;Average random raters;0.925646;13.222169;42;126;0.0;[0.88 0.96];Preprocessed data;Control;gamma;C22
239;ICC3k;Average fixed raters;0.924369;13.222169;42;126;0.0;[0.88 0.96];Preprocessed data;Control;gamma;C22
240;ICC1;Single raters absolute;0.432155;4.044176;42;129;0.0;[0.28 0.59];Preprocessed data;Control;delta;C23
241;ICC2;Single random raters;0.442112;4.62573;42;126;0.0;[0.29 0.6 ];Preprocessed data;Control;delta;C23
242;ICC3;Single fixed raters;0.47546;4.62573;42;126;0.0;[0.32 0.63];Preprocessed data;Control;delta;C23
243;ICC1k;Average raters absolute;0.752731;4.044176;42;129;0.0;[0.61 0.85];Preprocessed data;Control;delta;C23
244;ICC2k;Average random raters;0.760186;4.62573;42;126;0.0;[0.61 0.86];Preprocessed data;Control;delta;C23
245;ICC3k;Average fixed raters;0.783818;4.62573;42;126;0.0;[0.65 0.87];Preprocessed data;Control;delta;C23
246;ICC1;Single raters absolute;0.750044;13.002841;42;129;0.0;[0.64 0.84];Preprocessed data;Control;theta;C23
247;ICC2;Single random raters;0.751243;14.088903;42;126;0.0;[0.64 0.84];Preprocessed data;Control;theta;C23
248;ICC3;Single fixed raters;0.76593;14.088903;42;126;0.0;[0.66 0.85];Preprocessed data;Control;theta;C23
249;ICC1k;Average raters absolute;0.923094;13.002841;42;129;0.0;[0.88 0.95];Preprocessed data;Control;theta;C23
250;ICC2k;Average random raters;0.923547;14.088903;42;126;0.0;[0.88 0.96];Preprocessed data;Control;theta;C23
251;ICC3k;Average fixed raters;0.929022;14.088903;42;126;0.0;[0.89 0.96];Preprocessed data;Control;theta;C23
252;ICC1;Single raters absolute;0.599638;6.990949;42;129;0.0;[0.46 0.73];Preprocessed data;Control;alpha-1;C23
253;ICC2;Single random raters;0.604923;8.069498;42;126;0.0;[0.46 0.74];Preprocessed data;Control;alpha-1;C23
254;ICC3;Single fixed raters;0.638647;8.069498;42;126;0.0;[0.5  0.76];Preprocessed data;Control;alpha-1;C23
255;ICC1k;Average raters absolute;0.856958;6.990949;42;129;0.0;[0.77 0.92];Preprocessed data;Control;alpha-1;C23
256;ICC2k;Average random raters;0.859641;8.069498;42;126;0.0;[0.77 0.92];Preprocessed data;Control;alpha-1;C23
257;ICC3k;Average fixed raters;0.876077;8.069498;42;126;0.0;[0.8  0.93];Preprocessed data;Control;alpha-1;C23
258;ICC1;Single raters absolute;0.684393;9.673991;42;129;0.0;[0.56 0.79];Preprocessed data;Control;alpha-2;C23
259;ICC2;Single random raters;0.685574;10.157678;42;126;0.0;[0.56 0.8 ];Preprocessed data;Control;alpha-2;C23
260;ICC3;Single fixed raters;0.695995;10.157678;42;126;0.0;[0.57 0.8 ];Preprocessed data;Control;alpha-2;C23
261;ICC1k;Average raters absolute;0.89663;9.673991;42;129;0.0;[0.84 0.94];Preprocessed data;Control;alpha-2;C23
262;ICC2k;Average random raters;0.897136;10.157678;42;126;0.0;[0.84 0.94];Preprocessed data;Control;alpha-2;C23
263;ICC3k;Average fixed raters;0.901552;10.157678;42;126;0.0;[0.84 0.94];Preprocessed data;Control;alpha-2;C23
264;ICC1;Single raters absolute;0.65861;8.716813;42;129;0.0;[0.53 0.78];Preprocessed data;Control;beta1;C23
265;ICC2;Single random raters;0.658046;8.551565;42;126;0.0;[0.53 0.78];Preprocessed data;Control;beta1;C23
266;ICC3;Single fixed raters;0.653727;8.551565;42;126;0.0;[0.52 0.77];Preprocessed data;Control;beta1;C23
267;ICC1k;Average raters absolute;0.885279;8.716813;42;129;0.0;[0.82 0.93];Preprocessed data;Control;beta1;C23
268;ICC2k;Average random raters;0.885024;8.551565;42;126;0.0;[0.82 0.93];Preprocessed data;Control;beta1;C23
269;ICC3k;Average fixed raters;0.883062;8.551565;42;126;0.0;[0.81 0.93];Preprocessed data;Control;beta1;C23
270;ICC1;Single raters absolute;0.68857;9.843987;42;129;0.0;[0.56 0.8 ];Preprocessed data;Control;beta2;C23
271;ICC2;Single random raters;0.689255;10.130754;42;126;0.0;[0.56 0.8 ];Preprocessed data;Control;beta2;C23
272;ICC3;Single fixed raters;0.695372;10.130754;42;126;0.0;[0.57 0.8 ];Preprocessed data;Control;beta2;C23
273;ICC1k;Average raters absolute;0.898415;9.843987;42;129;0.0;[0.84 0.94];Preprocessed data;Control;beta2;C23
274;ICC2k;Average random raters;0.898706;10.130754;42;126;0.0;[0.84 0.94];Preprocessed data;Control;beta2;C23
275;ICC3k;Average fixed raters;0.901291;10.130754;42;126;0.0;[0.84 0.94];Preprocessed data;Control;beta2;C23
276;ICC1;Single raters absolute;0.710566;10.820089;42;129;0.0;[0.59 0.81];Preprocessed data;Control;beta3;C23
277;ICC2;Single random raters;0.711251;11.186588;42;126;0.0;[0.59 0.81];Preprocessed data;Control;beta3;C23
278;ICC3;Single fixed raters;0.718044;11.186588;42;126;0.0;[0.6  0.82];Preprocessed data;Control;beta3;C23
279;ICC1k;Average raters absolute;0.907579;10.820089;42;129;0.0;[0.85 0.95];Preprocessed data;Control;beta3;C23
280;ICC2k;Average random raters;0.907858;11.186588;42;126;0.0;[0.85 0.95];Preprocessed data;Control;beta3;C23
281;ICC3k;Average fixed raters;0.910607;11.186588;42;126;0.0;[0.86 0.95];Preprocessed data;Control;beta3;C23
282;ICC1;Single raters absolute;0.75353;13.229155;42;129;0.0;[0.65 0.84];Preprocessed data;Control;gamma;C23
283;ICC2;Single random raters;0.75399;13.642797;42;126;0.0;[0.65 0.84];Preprocessed data;Control;gamma;C23
284;ICC3;Single fixed raters;0.759656;13.642797;42;126;0.0;[0.65 0.85];Preprocessed data;Control;gamma;C23
285;ICC1k;Average raters absolute;0.924409;13.229155;42;129;0.0;[0.88 0.96];Preprocessed data;Control;gamma;C23
286;ICC2k;Average random raters;0.924582;13.642797;42;126;0.0;[0.88 0.96];Preprocessed data;Control;gamma;C23
287;ICC3k;Average fixed raters;0.926701;13.642797;42;126;0.0;[0.88 0.96];Preprocessed data;Control;gamma;C23
288;ICC1;Single raters absolute;0.4438;4.191656;42;129;0.0;[0.29 0.6 ];Preprocessed data;Control;delta;C24
289;ICC2;Single random raters;0.449081;4.502009;42;126;0.0;[0.3  0.61];Preprocessed data;Control;delta;C24
290;ICC3;Single fixed raters;0.466809;4.502009;42;126;0.0;[0.31 0.62];Preprocessed data;Control;delta;C24
291;ICC1k;Average raters absolute;0.761431;4.191656;42;129;0.0;[0.62 0.86];Preprocessed data;Control;delta;C24
292;ICC2k;Average random raters;0.765291;4.502009;42;126;0.0;[0.63 0.86];Preprocessed data;Control;delta;C24
293;ICC3k;Average fixed raters;0.777877;4.502009;42;126;0.0;[0.65 0.87];Preprocessed data;Control;delta;C24
294;ICC1;Single raters absolute;0.858746;25.317792;42;129;0.0;[0.79 0.91];Preprocessed data;Control;theta;C24
295;ICC2;Single random raters;0.85899;26.620817;42;126;0.0;[0.79 0.91];Preprocessed data;Control;theta;C24
296;ICC3;Single fixed raters;0.86496;26.620817;42;126;0.0;[0.8  0.92];Preprocessed data;Control;theta;C24
297;ICC1k;Average raters absolute;0.960502;25.317792;42;129;0.0;[0.94 0.98];Preprocessed data;Control;theta;C24
298;ICC2k;Average random raters;0.960578;26.620817;42;126;0.0;[0.94 0.98];Preprocessed data;Control;theta;C24
299;ICC3k;Average fixed raters;0.962435;26.620817;42;126;0.0;[0.94 0.98];Preprocessed data;Control;theta;C24
300;ICC1;Single raters absolute;0.745394;12.710564;42;129;0.0;[0.64 0.84];Preprocessed data;Control;alpha-1;C24
301;ICC2;Single random raters;0.747064;14.18176;42;126;0.0;[0.63 0.84];Preprocessed data;Control;alpha-1;C24
302;ICC3;Single fixed raters;0.767195;14.18176;42;126;0.0;[0.66 0.85];Preprocessed data;Control;alpha-1;C24
303;ICC1k;Average raters absolute;0.921325;12.710564;42;129;0.0;[0.87 0.95];Preprocessed data;Control;alpha-1;C24
304;ICC2k;Average random raters;0.921962;14.18176;42;126;0.0;[0.87 0.95];Preprocessed data;Control;alpha-1;C24
305;ICC3k;Average fixed raters;0.929487;14.18176;42;126;0.0;[0.89 0.96];Preprocessed data;Control;alpha-1;C24
306;ICC1;Single raters absolute;0.7263;11.614548;42;129;0.0;[0.61 0.82];Preprocessed data;Control;alpha-2;C24
307;ICC2;Single random raters;0.727057;12.104816;42;126;0.0;[0.61 0.82];Preprocessed data;Control;alpha-2;C24
308;ICC3;Single fixed raters;0.735184;12.104816;42;126;0.0;[0.62 0.83];Preprocessed data;Control;alpha-2;C24
309;ICC1k;Average raters absolute;0.913901;11.614548;42;129;0.0;[0.86 0.95];Preprocessed data;Control;alpha-2;C24
310;ICC2k;Average random raters;0.9142;12.104816;42;126;0.0;[0.86 0.95];Preprocessed data;Control;alpha-2;C24
311;ICC3k;Average fixed raters;0.917388;12.104816;42;126;0.0;[0.87 0.95];Preprocessed data;Control;alpha-2;C24
312;ICC1;Single raters absolute;0.744519;12.65675;42;129;0.0;[0.63 0.84];Preprocessed data;Control;beta1;C24
313;ICC2;Single random raters;0.744668;12.773685;42;126;0.0;[0.63 0.84];Preprocessed data;Control;beta1;C24
314;ICC3;Single fixed raters;0.746413;12.773685;42;126;0.0;[0.64 0.84];Preprocessed data;Control;beta1;C24
315;ICC1k;Average raters absolute;0.920991;12.65675;42;129;0.0;[0.87 0.95];Preprocessed data;Control;beta1;C24
316;ICC2k;Average random raters;0.921048;12.773685;42;126;0.0;[0.87 0.95];Preprocessed data;Control;beta1;C24
317;ICC3k;Average fixed raters;0.921714;12.773685;42;126;0.0;[0.88 0.95];Preprocessed data;Control;beta1;C24
318;ICC1;Single raters absolute;0.791867;16.218462;42;129;0.0;[0.7  0.87];Preprocessed data;Control;beta2;C24
319;ICC2;Single random raters;0.791617;15.853222;42;126;0.0;[0.7  0.87];Preprocessed data;Control;beta2;C24
320;ICC3;Single fixed raters;0.787835;15.853222;42;126;0.0;[0.69 0.87];Preprocessed data;Control;beta2;C24
321;ICC1k;Average raters absolute;0.938342;16.218462;42;129;0.0;[0.9  0.96];Preprocessed data;Control;beta2;C24
322;ICC2k;Average random raters;0.938254;15.853222;42;126;0.0;[0.9  0.96];Preprocessed data;Control;beta2;C24
323;ICC3k;Average fixed raters;0.936921;15.853222;42;126;0.0;[0.9  0.96];Preprocessed data;Control;beta2;C24
324;ICC1;Single raters absolute;0.83288;20.934836;42;129;0.0;[0.75 0.9 ];Preprocessed data;Control;beta3;C24
325;ICC2;Single random raters;0.833216;21.997592;42;126;0.0;[0.75 0.9 ];Preprocessed data;Control;beta3;C24
326;ICC3;Single fixed raters;0.839985;21.997592;42;126;0.0;[0.76 0.9 ];Preprocessed data;Control;beta3;C24
327;ICC1k;Average raters absolute;0.952233;20.934836;42;129;0.0;[0.92 0.97];Preprocessed data;Control;beta3;C24
328;ICC2k;Average random raters;0.952343;21.997592;42;126;0.0;[0.92 0.97];Preprocessed data;Control;beta3;C24
329;ICC3k;Average fixed raters;0.95454;21.997592;42;126;0.0;[0.93 0.97];Preprocessed data;Control;beta3;C24
330;ICC1;Single raters absolute;0.820082;19.232331;42;129;0.0;[0.73 0.89];Preprocessed data;Control;gamma;C24
331;ICC2;Single random raters;0.820251;19.6426;42;126;0.0;[0.73 0.89];Preprocessed data;Control;gamma;C24
332;ICC3;Single fixed raters;0.823342;19.6426;42;126;0.0;[0.74 0.89];Preprocessed data;Control;gamma;C24
333;ICC1k;Average raters absolute;0.948004;19.232331;42;129;0.0;[0.92 0.97];Preprocessed data;Control;gamma;C24
334;ICC2k;Average random raters;0.948061;19.6426;42;126;0.0;[0.92 0.97];Preprocessed data;Control;gamma;C24
335;ICC3k;Average fixed raters;0.94909;19.6426;42;126;0.0;[0.92 0.97];Preprocessed data;Control;gamma;C24
336;ICC1;Single raters absolute;0.433199;4.057155;42;129;0.0;[0.28 0.6 ];Preprocessed data;Control;delta;C25
337;ICC2;Single random raters;0.43751;4.289114;42;126;0.0;[0.28 0.6 ];Preprocessed data;Control;delta;C25
338;ICC3;Single fixed raters;0.451236;4.289114;42;126;0.0;[0.3  0.61];Preprocessed data;Control;delta;C25
339;ICC1k;Average raters absolute;0.753522;4.057155;42;129;0.0;[0.61 0.85];Preprocessed data;Control;delta;C25
340;ICC2k;Average random raters;0.756764;4.289114;42;126;0.0;[0.61 0.86];Preprocessed data;Control;delta;C25
341;ICC3k;Average fixed raters;0.766852;4.289114;42;126;0.0;[0.63 0.86];Preprocessed data;Control;delta;C25
342;ICC1;Single raters absolute;0.803027;17.307363;42;129;0.0;[0.71 0.88];Preprocessed data;Control;theta;C25
343;ICC2;Single random raters;0.804378;20.130326;42;126;0.0;[0.7  0.88];Preprocessed data;Control;theta;C25
344;ICC3;Single fixed raters;0.827067;20.130326;42;126;0.0;[0.74 0.89];Preprocessed data;Control;theta;C25
345;ICC1k;Average raters absolute;0.942221;17.307363;42;129;0.0;[0.91 0.97];Preprocessed data;Control;theta;C25
346;ICC2k;Average random raters;0.942686;20.130326;42;126;0.0;[0.9  0.97];Preprocessed data;Control;theta;C25
347;ICC3k;Average fixed raters;0.950324;20.130326;42;126;0.0;[0.92 0.97];Preprocessed data;Control;theta;C25
348;ICC1;Single raters absolute;0.694321;10.085609;42;129;0.0;[0.57 0.8 ];Preprocessed data;Control;alpha-1;C25
349;ICC2;Single random raters;0.695197;10.480025;42;126;0.0;[0.57 0.8 ];Preprocessed data;Control;alpha-1;C25
350;ICC3;Single fixed raters;0.703265;10.480025;42;126;0.0;[0.58 0.81];Preprocessed data;Control;alpha-1;C25
351;ICC1k;Average raters absolute;0.900849;10.085609;42;129;0.0;[0.84 0.94];Preprocessed data;Control;alpha-1;C25
352;ICC2k;Average random raters;0.901217;10.480025;42;126;0.0;[0.84 0.94];Preprocessed data;Control;alpha-1;C25
353;ICC3k;Average fixed raters;0.90458;10.480025;42;126;0.0;[0.85 0.94];Preprocessed data;Control;alpha-1;C25
354;ICC1;Single raters absolute;0.758321;13.550864;42;129;0.0;[0.65 0.85];Preprocessed data;Control;alpha-2;C25
355;ICC2;Single random raters;0.75847;13.691174;42;126;0.0;[0.65 0.85];Preprocessed data;Control;alpha-2;C25
356;ICC3;Single fixed raters;0.760352;13.691174;42;126;0.0;[0.65 0.85];Preprocessed data;Control;alpha-2;C25
357;ICC1k;Average raters absolute;0.926204;13.550864;42;129;0.0;[0.88 0.96];Preprocessed data;Control;alpha-2;C25
358;ICC2k;Average random raters;0.92626;13.691174;42;126;0.0;[0.88 0.96];Preprocessed data;Control;alpha-2;C25
359;ICC3k;Average fixed raters;0.92696;13.691174;42;126;0.0;[0.88 0.96];Preprocessed data;Control;alpha-2;C25
360;ICC1;Single raters absolute;0.718064;11.18762;42;129;0.0;[0.6  0.82];Preprocessed data;Control;beta1;C25
361;ICC2;Single random raters;0.717956;11.12728;42;126;0.0;[0.6  0.82];Preprocessed data;Control;beta1;C25
362;ICC3;Single fixed raters;0.71686;11.12728;42;126;0.0;[0.6  0.82];Preprocessed data;Control;beta1;C25
363;ICC1k;Average raters absolute;0.910615;11.18762;42;129;0.0;[0.86 0.95];Preprocessed data;Control;beta1;C25
364;ICC2k;Average random raters;0.910572;11.12728;42;126;0.0;[0.86 0.95];Preprocessed data;Control;beta1;C25
365;ICC3k;Average fixed raters;0.910131;11.12728;42;126;0.0;[0.86 0.95];Preprocessed data;Control;beta1;C25
366;ICC1;Single raters absolute;0.855287;24.640924;42;129;0.0;[0.78 0.91];Preprocessed data;Control;beta2;C25
367;ICC2;Single random raters;0.85577;27.151901;42;126;0.0;[0.78 0.91];Preprocessed data;Control;beta2;C25
368;ICC3;Single fixed raters;0.867338;27.151901;42;126;0.0;[0.8  0.92];Preprocessed data;Control;beta2;C25
369;ICC1k;Average raters absolute;0.959417;24.640924;42;129;0.0;[0.94 0.98];Preprocessed data;Control;beta2;C25
370;ICC2k;Average random raters;0.959569;27.151901;42;126;0.0;[0.93 0.98];Preprocessed data;Control;beta2;C25
371;ICC3k;Average fixed raters;0.96317;27.151901;42;126;0.0;[0.94 0.98];Preprocessed data;Control;beta2;C25
372;ICC1;Single raters absolute;0.898856;36.547537;42;129;0.0;[0.85 0.94];Preprocessed data;Control;beta3;C25
373;ICC2;Single random raters;0.898806;35.841647;42;126;0.0;[0.85 0.94];Preprocessed data;Control;beta3;C25
374;ICC3;Single fixed raters;0.897018;35.841647;42;126;0.0;[0.84 0.94];Preprocessed data;Control;beta3;C25
375;ICC1k;Average raters absolute;0.972638;36.547537;42;129;0.0;[0.96 0.98];Preprocessed data;Control;beta3;C25
376;ICC2k;Average random raters;0.972624;35.841647;42;126;0.0;[0.96 0.98];Preprocessed data;Control;beta3;C25
377;ICC3k;Average fixed raters;0.972099;35.841647;42;126;0.0;[0.96 0.98];Preprocessed data;Control;beta3;C25
378;ICC1;Single raters absolute;0.842986;22.475445;42;129;0.0;[0.77 0.9 ];Preprocessed data;Control;gamma;C25
379;ICC2;Single random raters;0.842914;22.217202;42;126;0.0;[0.77 0.9 ];Preprocessed data;Control;gamma;C25
380;ICC3;Single fixed raters;0.841378;22.217202;42;126;0.0;[0.76 0.9 ];Preprocessed data;Control;gamma;C25
381;ICC1k;Average raters absolute;0.955507;22.475445;42;129;0.0;[0.93 0.97];Preprocessed data;Control;gamma;C25
382;ICC2k;Average random raters;0.955484;22.217202;42;126;0.0;[0.93 0.97];Preprocessed data;Control;gamma;C25
383;ICC3k;Average fixed raters;0.95499;22.217202;42;126;0.0;[0.93 0.97];Preprocessed data;Control;gamma;C25
384;ICC1;Single raters absolute;0.592653;6.819642;42;129;0.0;[0.45 0.73];Normalized data;Control;delta;C14
385;ICC2;Single random raters;0.593094;6.893029;42;126;0.0;[0.45 0.73];Normalized data;Control;delta;C14
386;ICC3;Single fixed raters;0.595675;6.893029;42;126;0.0;[0.45 0.73];Normalized data;Control;delta;C14
387;ICC1k;Average raters absolute;0.853365;6.819642;42;129;0.0;[0.77 0.91];Normalized data;Control;delta;C14
388;ICC2k;Average random raters;0.853593;6.893029;42;126;0.0;[0.77 0.91];Normalized data;Control;delta;C14
389;ICC3k;Average fixed raters;0.854926;6.893029;42;126;0.0;[0.77 0.91];Normalized data;Control;delta;C14
390;ICC1;Single raters absolute;0.802401;17.243047;42;129;0.0;[0.71 0.88];Normalized data;Control;theta;C14
391;ICC2;Single random raters;0.802269;17.013333;42;126;0.0;[0.71 0.88];Normalized data;Control;theta;C14
392;ICC3;Single fixed raters;0.800133;17.013333;42;126;0.0;[0.71 0.87];Normalized data;Control;theta;C14
393;ICC1k;Average raters absolute;0.942006;17.243047;42;129;0.0;[0.91 0.97];Normalized data;Control;theta;C14
394;ICC2k;Average random raters;0.94196;17.013333;42;126;0.0;[0.91 0.97];Normalized data;Control;theta;C14
395;ICC3k;Average fixed raters;0.941223;17.013333;42;126;0.0;[0.91 0.97];Normalized data;Control;theta;C14
396;ICC1;Single raters absolute;0.768166;14.253706;42;129;0.0;[0.67 0.85];Normalized data;Control;alpha-1;C14
397;ICC2;Single random raters;0.768109;14.193997;42;126;0.0;[0.66 0.85];Normalized data;Control;alpha-1;C14
398;ICC3;Single fixed raters;0.767361;14.193997;42;126;0.0;[0.66 0.85];Normalized data;Control;alpha-1;C14
399;ICC1k;Average raters absolute;0.929843;14.253706;42;129;0.0;[0.89 0.96];Normalized data;Control;alpha-1;C14
400;ICC2k;Average random raters;0.929822;14.193997;42;126;0.0;[0.89 0.96];Normalized data;Control;alpha-1;C14
401;ICC3k;Average fixed raters;0.929548;14.193997;42;126;0.0;[0.89 0.96];Normalized data;Control;alpha-1;C14
402;ICC1;Single raters absolute;0.815594;18.691275;42;129;0.0;[0.73 0.88];Normalized data;Control;alpha-2;C14
403;ICC2;Single random raters;0.815969;19.555692;42;126;0.0;[0.73 0.89];Normalized data;Control;alpha-2;C14
404;ICC3;Single fixed raters;0.822661;19.555692;42;126;0.0;[0.74 0.89];Normalized data;Control;alpha-2;C14
405;ICC1k;Average raters absolute;0.946499;18.691275;42;129;0.0;[0.91 0.97];Normalized data;Control;alpha-2;C14
406;ICC2k;Average random raters;0.946625;19.555692;42;126;0.0;[0.91 0.97];Normalized data;Control;alpha-2;C14
407;ICC3k;Average fixed raters;0.948864;19.555692;42;126;0.0;[0.92 0.97];Normalized data;Control;alpha-2;C14
408;ICC1;Single raters absolute;0.631467;7.853856;42;129;0.0;[0.5  0.76];Normalized data;Control;beta1;C14
409;ICC2;Single random raters;0.633219;8.283333;42;126;0.0;[0.5  0.76];Normalized data;Control;beta1;C14
410;ICC3;Single fixed raters;0.645495;8.283333;42;126;0.0;[0.51 0.77];Normalized data;Control;beta1;C14
411;ICC1k;Average raters absolute;0.872674;7.853856;42;129;0.0;[0.8  0.93];Normalized data;Control;beta1;C14
412;ICC2k;Average random raters;0.873509;8.283333;42;126;0.0;[0.8  0.93];Normalized data;Control;beta1;C14
413;ICC3k;Average fixed raters;0.879276;8.283333;42;126;0.0;[0.81 0.93];Normalized data;Control;beta1;C14
414;ICC1;Single raters absolute;0.724818;11.535855;42;129;0.0;[0.61 0.82];Normalized data;Control;beta2;C14
415;ICC2;Single random raters;0.724616;11.413893;42;126;0.0;[0.61 0.82];Normalized data;Control;beta2;C14
416;ICC3;Single fixed raters;0.72249;11.413893;42;126;0.0;[0.61 0.82];Normalized data;Control;beta2;C14
417;ICC1k;Average raters absolute;0.913314;11.535855;42;129;0.0;[0.86 0.95];Normalized data;Control;beta2;C14
418;ICC2k;Average random raters;0.913233;11.413893;42;126;0.0;[0.86 0.95];Normalized data;Control;beta2;C14
419;ICC3k;Average fixed raters;0.912387;11.413893;42;126;0.0;[0.86 0.95];Normalized data;Control;beta2;C14
420;ICC1;Single raters absolute;0.812353;18.316641;42;129;0.0;[0.72 0.88];Normalized data;Control;beta3;C14
421;ICC2;Single random raters;0.812193;17.990422;42;126;0.0;[0.72 0.88];Normalized data;Control;beta3;C14
422;ICC3;Single fixed raters;0.809437;17.990422;42;126;0.0;[0.72 0.88];Normalized data;Control;beta3;C14
423;ICC1k;Average raters absolute;0.945405;18.316641;42;129;0.0;[0.91 0.97];Normalized data;Control;beta3;C14
424;ICC2k;Average random raters;0.945351;17.990422;42;126;0.0;[0.91 0.97];Normalized data;Control;beta3;C14
425;ICC3k;Average fixed raters;0.944415;17.990422;42;126;0.0;[0.91 0.97];Normalized data;Control;beta3;C14
426;ICC1;Single raters absolute;0.660104;8.768313;42;129;0.0;[0.53 0.78];Normalized data;Control;gamma;C14
427;ICC2;Single random raters;0.660205;8.798959;42;126;0.0;[0.53 0.78];Normalized data;Control;gamma;C14
428;ICC3;Single fixed raters;0.660987;8.798959;42;126;0.0;[0.53 0.78];Normalized data;Control;gamma;C14
429;ICC1k;Average raters absolute;0.885953;8.768313;42;129;0.0;[0.82 0.93];Normalized data;Control;gamma;C14
430;ICC2k;Average random raters;0.885998;8.798959;42;126;0.0;[0.82 0.93];Normalized data;Control;gamma;C14
431;ICC3k;Average fixed raters;0.88635;8.798959;42;126;0.0;[0.82 0.93];Normalized data;Control;gamma;C14
432;ICC1;Single raters absolute;0.656265;8.636867;42;129;0.0;[0.52 0.77];Normalized data;Control;delta;C15
433;ICC2;Single random raters;0.656365;8.666203;42;126;0.0;[0.53 0.77];Normalized data;Control;delta;C15
434;ICC3;Single fixed raters;0.657129;8.666203;42;126;0.0;[0.53 0.77];Normalized data;Control;delta;C15
435;ICC1k;Average raters absolute;0.884217;8.636867;42;129;0.0;[0.82 0.93];Normalized data;Control;delta;C15
436;ICC2k;Average random raters;0.884263;8.666203;42;126;0.0;[0.82 0.93];Normalized data;Control;delta;C15
437;ICC3k;Average fixed raters;0.884609;8.666203;42;126;0.0;[0.82 0.93];Normalized data;Control;delta;C15
438;ICC1;Single raters absolute;0.7955;16.559888;42;129;0.0;[0.7  0.87];Normalized data;Control;theta;C15
439;ICC2;Single random raters;0.795358;16.338281;42;126;0.0;[0.7  0.87];Normalized data;Control;theta;C15
440;ICC3;Single fixed raters;0.793156;16.338281;42;126;0.0;[0.7  0.87];Normalized data;Control;theta;C15
441;ICC1k;Average raters absolute;0.939613;16.559888;42;129;0.0;[0.9  0.96];Normalized data;Control;theta;C15
442;ICC2k;Average random raters;0.939564;16.338281;42;126;0.0;[0.9  0.96];Normalized data;Control;theta;C15
443;ICC3k;Average fixed raters;0.938794;16.338281;42;126;0.0;[0.9  0.96];Normalized data;Control;theta;C15
444;ICC1;Single raters absolute;0.721032;11.338579;42;129;0.0;[0.6  0.82];Normalized data;Control;alpha-1;C15
445;ICC2;Single random raters;0.720764;11.184526;42;126;0.0;[0.6  0.82];Normalized data;Control;alpha-1;C15
446;ICC3;Single fixed raters;0.718003;11.184526;42;126;0.0;[0.6  0.82];Normalized data;Control;alpha-1;C15
447;ICC1k;Average raters absolute;0.911806;11.338579;42;129;0.0;[0.86 0.95];Normalized data;Control;alpha-1;C15
448;ICC2k;Average random raters;0.911698;11.184526;42;126;0.0;[0.86 0.95];Normalized data;Control;alpha-1;C15
449;ICC3k;Average fixed raters;0.910591;11.184526;42;126;0.0;[0.86 0.95];Normalized data;Control;alpha-1;C15
450;ICC1;Single raters absolute;0.664228;8.912851;42;129;0.0;[0.53 0.78];Normalized data;Control;alpha-2;C15
451;ICC2;Single random raters;0.664058;8.859487;42;126;0.0;[0.53 0.78];Normalized data;Control;alpha-2;C15
452;ICC3;Single fixed raters;0.662717;8.859487;42;126;0.0;[0.53 0.78];Normalized data;Control;alpha-2;C15
453;ICC1k;Average raters absolute;0.887802;8.912851;42;129;0.0;[0.82 0.93];Normalized data;Control;alpha-2;C15
454;ICC2k;Average random raters;0.887727;8.859487;42;126;0.0;[0.82 0.93];Normalized data;Control;alpha-2;C15
455;ICC3k;Average fixed raters;0.887127;8.859487;42;126;0.0;[0.82 0.93];Normalized data;Control;alpha-2;C15
456;ICC1;Single raters absolute;0.725971;11.596991;42;129;0.0;[0.61 0.82];Normalized data;Control;beta1;C15
457;ICC2;Single random raters;0.726728;12.085902;42;126;0.0;[0.61 0.82];Normalized data;Control;beta1;C15
458;ICC3;Single fixed raters;0.734852;12.085902;42;126;0.0;[0.62 0.83];Normalized data;Control;beta1;C15
459;ICC1k;Average raters absolute;0.913771;11.596991;42;129;0.0;[0.86 0.95];Normalized data;Control;beta1;C15
460;ICC2k;Average random raters;0.91407;12.085902;42;126;0.0;[0.86 0.95];Normalized data;Control;beta1;C15
461;ICC3k;Average fixed raters;0.917259;12.085902;42;126;0.0;[0.87 0.95];Normalized data;Control;beta1;C15
462;ICC1;Single raters absolute;0.78926;15.980739;42;129;0.0;[0.69 0.87];Normalized data;Control;beta2;C15
463;ICC2;Single random raters;0.789504;16.340146;42;126;0.0;[0.69 0.87];Normalized data;Control;beta2;C15
464;ICC3;Single fixed raters;0.793176;16.340146;42;126;0.0;[0.7  0.87];Normalized data;Control;beta2;C15
465;ICC1k;Average raters absolute;0.937425;15.980739;42;129;0.0;[0.9  0.96];Normalized data;Control;beta2;C15
466;ICC2k;Average random raters;0.937511;16.340146;42;126;0.0;[0.9  0.96];Normalized data;Control;beta2;C15
467;ICC3k;Average fixed raters;0.938801;16.340146;42;126;0.0;[0.9  0.96];Normalized data;Control;beta2;C15
468;ICC1;Single raters absolute;0.777918;15.011356;42;129;0.0;[0.68 0.86];Normalized data;Control;beta3;C15
469;ICC2;Single random raters;0.77768;14.727916;42;126;0.0;[0.68 0.86];Normalized data;Control;beta3;C15
470;ICC3;Single fixed raters;0.774367;14.727916;42;126;0.0;[0.67 0.86];Normalized data;Control;beta3;C15
471;ICC1k;Average raters absolute;0.933384;15.011356;42;129;0.0;[0.89 0.96];Normalized data;Control;beta3;C15
472;ICC2k;Average random raters;0.933298;14.727916;42;126;0.0;[0.89 0.96];Normalized data;Control;beta3;C15
473;ICC3k;Average fixed raters;0.932102;14.727916;42;126;0.0;[0.89 0.96];Normalized data;Control;beta3;C15
474;ICC1;Single raters absolute;0.691413;9.962322;42;129;0.0;[0.57 0.8 ];Normalized data;Control;gamma;C15
475;ICC2;Single random raters;0.691268;9.901732;42;126;0.0;[0.57 0.8 ];Normalized data;Control;gamma;C15
476;ICC3;Single fixed raters;0.689964;9.901732;42;126;0.0;[0.57 0.8 ];Normalized data;Control;gamma;C15
477;ICC1k;Average raters absolute;0.899622;9.962322;42;129;0.0;[0.84 0.94];Normalized data;Control;gamma;C15
478;ICC2k;Average random raters;0.89956;9.901732;42;126;0.0;[0.84 0.94];Normalized data;Control;gamma;C15
479;ICC3k;Average fixed raters;0.899008;9.901732;42;126;0.0;[0.84 0.94];Normalized data;Control;gamma;C15
480;ICC1;Single raters absolute;0.668361;9.061317;42;129;0.0;[0.54 0.78];Normalized data;Control;delta;C18
481;ICC2;Single random raters;0.669157;9.331884;42;126;0.0;[0.54 0.78];Normalized data;Control;delta;C18
482;ICC3;Single fixed raters;0.675638;9.331884;42;126;0.0;[0.55 0.79];Normalized data;Control;delta;C18
483;ICC1k;Average raters absolute;0.889641;9.061317;42;129;0.0;[0.82 0.94];Normalized data;Control;delta;C18
484;ICC2k;Average random raters;0.889993;9.331884;42;126;0.0;[0.82 0.94];Normalized data;Control;delta;C18
485;ICC3k;Average fixed raters;0.892841;9.331884;42;126;0.0;[0.83 0.94];Normalized data;Control;delta;C18
486;ICC1;Single raters absolute;0.819674;19.182107;42;129;0.0;[0.73 0.89];Normalized data;Control;theta;C18
487;ICC2;Single random raters;0.819655;19.136285;42;126;0.0;[0.73 0.89];Normalized data;Control;theta;C18
488;ICC3;Single fixed raters;0.819301;19.136285;42;126;0.0;[0.73 0.89];Normalized data;Control;theta;C18
489;ICC1k;Average raters absolute;0.947868;19.182107;42;129;0.0;[0.92 0.97];Normalized data;Control;theta;C18
490;ICC2k;Average random raters;0.947862;19.136285;42;126;0.0;[0.92 0.97];Normalized data;Control;theta;C18
491;ICC3k;Average fixed raters;0.947743;19.136285;42;126;0.0;[0.92 0.97];Normalized data;Control;theta;C18
492;ICC1;Single raters absolute;0.713449;10.959131;42;129;0.0;[0.6  0.81];Normalized data;Control;alpha-1;C18
493;ICC2;Single random raters;0.713713;11.101993;42;126;0.0;[0.6  0.82];Normalized data;Control;alpha-1;C18
494;ICC3;Single fixed raters;0.716352;11.101993;42;126;0.0;[0.6  0.82];Normalized data;Control;alpha-1;C18
495;ICC1k;Average raters absolute;0.908752;10.959131;42;129;0.0;[0.85 0.95];Normalized data;Control;alpha-1;C18
496;ICC2k;Average random raters;0.908859;11.101993;42;126;0.0;[0.85 0.95];Normalized data;Control;alpha-1;C18
497;ICC3k;Average fixed raters;0.909926;11.101993;42;126;0.0;[0.86 0.95];Normalized data;Control;alpha-1;C18
498;ICC1;Single raters absolute;0.746536;12.781313;42;129;0.0;[0.64 0.84];Normalized data;Control;alpha-2;C18
499;ICC2;Single random raters;0.746596;12.829316;42;126;0.0;[0.64 0.84];Normalized data;Control;alpha-2;C18
500;ICC3;Single fixed raters;0.747304;12.829316;42;126;0.0;[0.64 0.84];Normalized data;Control;alpha-2;C18
501;ICC1k;Average raters absolute;0.921761;12.781313;42;129;0.0;[0.88 0.95];Normalized data;Control;alpha-2;C18
502;ICC2k;Average random raters;0.921784;12.829316;42;126;0.0;[0.88 0.95];Normalized data;Control;alpha-2;C18
503;ICC3k;Average fixed raters;0.922054;12.829316;42;126;0.0;[0.88 0.95];Normalized data;Control;alpha-2;C18
504;ICC1;Single raters absolute;0.750287;13.018395;42;129;0.0;[0.64 0.84];Normalized data;Control;beta1;C18
505;ICC2;Single random raters;0.750509;13.206274;42;126;0.0;[0.64 0.84];Normalized data;Control;beta1;C18
506;ICC3;Single fixed raters;0.753182;13.206274;42;126;0.0;[0.65 0.84];Normalized data;Control;beta1;C18
507;ICC1k;Average raters absolute;0.923186;13.018395;42;129;0.0;[0.88 0.95];Normalized data;Control;beta1;C18
508;ICC2k;Average random raters;0.923269;13.206274;42;126;0.0;[0.88 0.95];Normalized data;Control;beta1;C18
509;ICC3k;Average fixed raters;0.924278;13.206274;42;126;0.0;[0.88 0.96];Normalized data;Control;beta1;C18
510;ICC1;Single raters absolute;0.739263;12.34114;42;129;0.0;[0.63 0.83];Normalized data;Control;beta2;C18
511;ICC2;Single random raters;0.739502;12.51686;42;126;0.0;[0.63 0.83];Normalized data;Control;beta2;C18
512;ICC3;Single fixed raters;0.742216;12.51686;42;126;0.0;[0.63 0.84];Normalized data;Control;beta2;C18
513;ICC1k;Average raters absolute;0.91897;12.34114;42;129;0.0;[0.87 0.95];Normalized data;Control;beta2;C18
514;ICC2k;Average random raters;0.919062;12.51686;42;126;0.0;[0.87 0.95];Normalized data;Control;beta2;C18
515;ICC3k;Average fixed raters;0.920108;12.51686;42;126;0.0;[0.87 0.95];Normalized data;Control;beta2;C18
516;ICC1;Single raters absolute;0.841062;22.167018;42;129;0.0;[0.76 0.9 ];Normalized data;Control;beta3;C18
517;ICC2;Single random raters;0.840962;21.822741;42;126;0.0;[0.76 0.9 ];Normalized data;Control;beta3;C18
518;ICC3;Single fixed raters;0.838857;21.822741;42;126;0.0;[0.76 0.9 ];Normalized data;Control;beta3;C18
519;ICC1k;Average raters absolute;0.954888;22.167018;42;129;0.0;[0.93 0.97];Normalized data;Control;beta3;C18
520;ICC2k;Average random raters;0.954856;21.822741;42;126;0.0;[0.93 0.97];Normalized data;Control;beta3;C18
521;ICC3k;Average fixed raters;0.954176;21.822741;42;126;0.0;[0.93 0.97];Normalized data;Control;beta3;C18
522;ICC1;Single raters absolute;0.683459;9.636598;42;129;0.0;[0.56 0.79];Normalized data;Control;gamma;C18
523;ICC2;Single random raters;0.683594;9.688885;42;126;0.0;[0.56 0.79];Normalized data;Control;gamma;C18
524;ICC3;Single fixed raters;0.684763;9.688885;42;126;0.0;[0.56 0.79];Normalized data;Control;gamma;C18
525;ICC1k;Average raters absolute;0.896229;9.636598;42;129;0.0;[0.83 0.94];Normalized data;Control;gamma;C18
526;ICC2k;Average random raters;0.896287;9.688885;42;126;0.0;[0.83 0.94];Normalized data;Control;gamma;C18
527;ICC3k;Average fixed raters;0.896789;9.688885;42;126;0.0;[0.84 0.94];Normalized data;Control;gamma;C18
528;ICC1;Single raters absolute;0.590431;6.766374;42;129;0.0;[0.45 0.72];Normalized data;Control;delta;C20
529;ICC2;Single random raters;0.590585;6.791227;42;126;0.0;[0.45 0.72];Normalized data;Control;delta;C20
530;ICC3;Single fixed raters;0.591471;6.791227;42;126;0.0;[0.45 0.72];Normalized data;Control;delta;C20
531;ICC1k;Average raters absolute;0.85221;6.766374;42;129;0.0;[0.76 0.91];Normalized data;Control;delta;C20
532;ICC2k;Average random raters;0.85229;6.791227;42;126;0.0;[0.76 0.91];Normalized data;Control;delta;C20
533;ICC3k;Average fixed raters;0.852751;6.791227;42;126;0.0;[0.76 0.91];Normalized data;Control;delta;C20
534;ICC1;Single raters absolute;0.826078;19.998763;42;129;0.0;[0.74 0.89];Normalized data;Control;theta;C20
535;ICC2;Single random raters;0.826007;19.814793;42;126;0.0;[0.74 0.89];Normalized data;Control;theta;C20
536;ICC3;Single fixed raters;0.824675;19.814793;42;126;0.0;[0.74 0.89];Normalized data;Control;theta;C20
537;ICC1k;Average raters absolute;0.949997;19.998763;42;129;0.0;[0.92 0.97];Normalized data;Control;theta;C20
538;ICC2k;Average random raters;0.949974;19.814793;42;126;0.0;[0.92 0.97];Normalized data;Control;theta;C20
539;ICC3k;Average fixed raters;0.949533;19.814793;42;126;0.0;[0.92 0.97];Normalized data;Control;theta;C20
540;ICC1;Single raters absolute;0.775008;14.778396;42;129;0.0;[0.67 0.86];Normalized data;Control;alpha-1;C20
541;ICC2;Single random raters;0.775065;14.845547;42;126;0.0;[0.67 0.86];Normalized data;Control;alpha-1;C20
542;ICC3;Single fixed raters;0.775854;14.845547;42;126;0.0;[0.67 0.86];Normalized data;Control;alpha-1;C20
543;ICC1k;Average raters absolute;0.932334;14.778396;42;129;0.0;[0.89 0.96];Normalized data;Control;alpha-1;C20
544;ICC2k;Average random raters;0.932354;14.845547;42;126;0.0;[0.89 0.96];Normalized data;Control;alpha-1;C20
545;ICC3k;Average fixed raters;0.93264;14.845547;42;126;0.0;[0.89 0.96];Normalized data;Control;alpha-1;C20
546;ICC1;Single raters absolute;0.787057;15.784388;42;129;0.0;[0.69 0.87];Normalized data;Control;alpha-2;C20
547;ICC2;Single random raters;0.787116;15.867156;42;126;0.0;[0.69 0.87];Normalized data;Control;alpha-2;C20
548;ICC3;Single fixed raters;0.787991;15.867156;42;126;0.0;[0.69 0.87];Normalized data;Control;alpha-2;C20
549;ICC1k;Average raters absolute;0.936646;15.784388;42;129;0.0;[0.9  0.96];Normalized data;Control;alpha-2;C20
550;ICC2k;Average random raters;0.936667;15.867156;42;126;0.0;[0.9  0.96];Normalized data;Control;alpha-2;C20
551;ICC3k;Average fixed raters;0.936977;15.867156;42;126;0.0;[0.9  0.96];Normalized data;Control;alpha-2;C20
552;ICC1;Single raters absolute;0.730974;11.868476;42;129;0.0;[0.62 0.83];Normalized data;Control;beta1;C20
553;ICC2;Single random raters;0.730653;11.661604;42;126;0.0;[0.62 0.83];Normalized data;Control;beta1;C20
554;ICC3;Single fixed raters;0.727179;11.661604;42;126;0.0;[0.61 0.82];Normalized data;Control;beta1;C20
555;ICC1k;Average raters absolute;0.915743;11.868476;42;129;0.0;[0.87 0.95];Normalized data;Control;beta1;C20
556;ICC2k;Average random raters;0.915617;11.661604;42;126;0.0;[0.87 0.95];Normalized data;Control;beta1;C20
557;ICC3k;Average fixed raters;0.914249;11.661604;42;126;0.0;[0.86 0.95];Normalized data;Control;beta1;C20
558;ICC1;Single raters absolute;0.674714;9.296882;42;129;0.0;[0.55 0.79];Normalized data;Control;beta2;C20
559;ICC2;Single random raters;0.674224;9.127838;42;126;0.0;[0.55 0.79];Normalized data;Control;beta2;C20
560;ICC3;Single fixed raters;0.67018;9.127838;42;126;0.0;[0.54 0.78];Normalized data;Control;beta2;C20
561;ICC1k;Average raters absolute;0.892437;9.296882;42;129;0.0;[0.83 0.94];Normalized data;Control;beta2;C20
562;ICC2k;Average random raters;0.892222;9.127838;42;126;0.0;[0.83 0.94];Normalized data;Control;beta2;C20
563;ICC3k;Average fixed raters;0.890445;9.127838;42;126;0.0;[0.83 0.94];Normalized data;Control;beta2;C20
564;ICC1;Single raters absolute;0.768841;14.304121;42;129;0.0;[0.67 0.85];Normalized data;Control;beta3;C20
565;ICC2;Single random raters;0.768704;14.158826;42;126;0.0;[0.67 0.85];Normalized data;Control;beta3;C20
566;ICC3;Single fixed raters;0.766884;14.158826;42;126;0.0;[0.66 0.85];Normalized data;Control;beta3;C20
567;ICC1k;Average raters absolute;0.93009;14.304121;42;129;0.0;[0.89 0.96];Normalized data;Control;beta3;C20
568;ICC2k;Average random raters;0.93004;14.158826;42;126;0.0;[0.89 0.96];Normalized data;Control;beta3;C20
569;ICC3k;Average fixed raters;0.929373;14.158826;42;126;0.0;[0.89 0.96];Normalized data;Control;beta3;C20
570;ICC1;Single raters absolute;0.713516;10.962375;42;129;0.0;[0.6  0.81];Normalized data;Control;gamma;C20
571;ICC2;Single random raters;0.713346;10.872345;42;126;0.0;[0.59 0.81];Normalized data;Control;gamma;C20
572;ICC3;Single fixed raters;0.711657;10.872345;42;126;0.0;[0.59 0.81];Normalized data;Control;gamma;C20
573;ICC1k;Average raters absolute;0.908779;10.962375;42;129;0.0;[0.85 0.95];Normalized data;Control;gamma;C20
574;ICC2k;Average random raters;0.90871;10.872345;42;126;0.0;[0.85 0.95];Normalized data;Control;gamma;C20
575;ICC3k;Average fixed raters;0.908024;10.872345;42;126;0.0;[0.85 0.95];Normalized data;Control;gamma;C20
576;ICC1;Single raters absolute;0.516944;5.280615;42;129;0.0;[0.37 0.67];Normalized data;Control;delta;C22
577;ICC2;Single random raters;0.521076;5.686885;42;126;0.0;[0.37 0.67];Normalized data;Control;delta;C22
578;ICC3;Single fixed raters;0.539536;5.686885;42;126;0.0;[0.39 0.68];Normalized data;Control;delta;C22
579;ICC1k;Average raters absolute;0.810628;5.280615;42;129;0.0;[0.7  0.89];Normalized data;Control;delta;C22
580;ICC2k;Average random raters;0.813156;5.686885;42;126;0.0;[0.7  0.89];Normalized data;Control;delta;C22
581;ICC3k;Average fixed raters;0.824157;5.686885;42;126;0.0;[0.72 0.9 ];Normalized data;Control;delta;C22
582;ICC1;Single raters absolute;0.82776;20.223417;42;129;0.0;[0.75 0.89];Normalized data;Control;theta;C22
583;ICC2;Single random raters;0.827942;20.733966;42;126;0.0;[0.75 0.89];Normalized data;Control;theta;C22
584;ICC3;Single fixed raters;0.831465;20.733966;42;126;0.0;[0.75 0.9 ];Normalized data;Control;theta;C22
585;ICC1k;Average raters absolute;0.950552;20.223417;42;129;0.0;[0.92 0.97];Normalized data;Control;theta;C22
586;ICC2k;Average random raters;0.950613;20.733966;42;126;0.0;[0.92 0.97];Normalized data;Control;theta;C22
587;ICC3k;Average fixed raters;0.95177;20.733966;42;126;0.0;[0.92 0.97];Normalized data;Control;theta;C22
588;ICC1;Single raters absolute;0.740913;12.438858;42;129;0.0;[0.63 0.83];Normalized data;Control;alpha-1;C22
589;ICC2;Single random raters;0.741908;13.225974;42;126;0.0;[0.63 0.84];Normalized data;Control;alpha-1;C22
590;ICC3;Single fixed raters;0.753482;13.225974;42;126;0.0;[0.65 0.84];Normalized data;Control;alpha-1;C22
591;ICC1k;Average raters absolute;0.919607;12.438858;42;129;0.0;[0.87 0.95];Normalized data;Control;alpha-1;C22
592;ICC2k;Average random raters;0.91999;13.225974;42;126;0.0;[0.87 0.95];Normalized data;Control;alpha-1;C22
593;ICC3k;Average fixed raters;0.924391;13.225974;42;126;0.0;[0.88 0.96];Normalized data;Control;alpha-1;C22
594;ICC1;Single raters absolute;0.817116;18.871828;42;129;0.0;[0.73 0.89];Normalized data;Control;alpha-2;C22
595;ICC2;Single random raters;0.8172;19.061798;42;126;0.0;[0.73 0.89];Normalized data;Control;alpha-2;C22
596;ICC3;Single fixed raters;0.818691;19.061798;42;126;0.0;[0.73 0.89];Normalized data;Control;alpha-2;C22
597;ICC1k;Average raters absolute;0.947011;18.871828;42;129;0.0;[0.92 0.97];Normalized data;Control;alpha-2;C22
598;ICC2k;Average random raters;0.947039;19.061798;42;126;0.0;[0.92 0.97];Normalized data;Control;alpha-2;C22
599;ICC3k;Average fixed raters;0.947539;19.061798;42;126;0.0;[0.92 0.97];Normalized data;Control;alpha-2;C22
600;ICC1;Single raters absolute;0.791407;16.176138;42;129;0.0;[0.7  0.87];Normalized data;Control;beta1;C22
601;ICC2;Single random raters;0.791472;16.272631;42;126;0.0;[0.7  0.87];Normalized data;Control;beta1;C22
602;ICC3;Single fixed raters;0.792452;16.272631;42;126;0.0;[0.7  0.87];Normalized data;Control;beta1;C22
603;ICC1k;Average raters absolute;0.938181;16.176138;42;129;0.0;[0.9  0.96];Normalized data;Control;beta1;C22
604;ICC2k;Average random raters;0.938203;16.272631;42;126;0.0;[0.9  0.96];Normalized data;Control;beta1;C22
605;ICC3k;Average fixed raters;0.938547;16.272631;42;126;0.0;[0.9  0.96];Normalized data;Control;beta1;C22
606;ICC1;Single raters absolute;0.798405;16.841786;42;129;0.0;[0.71 0.87];Normalized data;Control;beta2;C22
607;ICC2;Single random raters;0.798668;17.289566;42;126;0.0;[0.71 0.87];Normalized data;Control;beta2;C22
608;ICC3;Single fixed raters;0.802854;17.289566;42;126;0.0;[0.71 0.88];Normalized data;Control;beta2;C22
609;ICC1k;Average raters absolute;0.940624;16.841786;42;129;0.0;[0.91 0.97];Normalized data;Control;beta2;C22
610;ICC2k;Average random raters;0.940715;17.289566;42;126;0.0;[0.91 0.97];Normalized data;Control;beta2;C22
611;ICC3k;Average fixed raters;0.942162;17.289566;42;126;0.0;[0.91 0.97];Normalized data;Control;beta2;C22
612;ICC1;Single raters absolute;0.82248;19.532712;42;129;0.0;[0.74 0.89];Normalized data;Control;beta3;C22
613;ICC2;Single random raters;0.822432;19.413925;42;126;0.0;[0.74 0.89];Normalized data;Control;beta3;C22
614;ICC3;Single fixed raters;0.82154;19.413925;42;126;0.0;[0.74 0.89];Normalized data;Control;beta3;C22
615;ICC1k;Average raters absolute;0.948804;19.532712;42;129;0.0;[0.92 0.97];Normalized data;Control;beta3;C22
616;ICC2k;Average random raters;0.948788;19.413925;42;126;0.0;[0.92 0.97];Normalized data;Control;beta3;C22
617;ICC3k;Average fixed raters;0.948491;19.413925;42;126;0.0;[0.92 0.97];Normalized data;Control;beta3;C22
618;ICC1;Single raters absolute;0.757102;13.46784;42;129;0.0;[0.65 0.85];Normalized data;Control;gamma;C22
619;ICC2;Single random raters;0.756828;13.222169;42;126;0.0;[0.65 0.85];Normalized data;Control;gamma;C22
620;ICC3;Single fixed raters;0.753424;13.222169;42;126;0.0;[0.65 0.84];Normalized data;Control;gamma;C22
621;ICC1k;Average raters absolute;0.925749;13.46784;42;129;0.0;[0.88 0.96];Normalized data;Control;gamma;C22
622;ICC2k;Average random raters;0.925646;13.222169;42;126;0.0;[0.88 0.96];Normalized data;Control;gamma;C22
623;ICC3k;Average fixed raters;0.924369;13.222169;42;126;0.0;[0.88 0.96];Normalized data;Control;gamma;C22
624;ICC1;Single raters absolute;0.432155;4.044176;42;129;0.0;[0.28 0.59];Normalized data;Control;delta;C23
625;ICC2;Single random raters;0.442112;4.62573;42;126;0.0;[0.29 0.6 ];Normalized data;Control;delta;C23
626;ICC3;Single fixed raters;0.47546;4.62573;42;126;0.0;[0.32 0.63];Normalized data;Control;delta;C23
627;ICC1k;Average raters absolute;0.752731;4.044176;42;129;0.0;[0.61 0.85];Normalized data;Control;delta;C23
628;ICC2k;Average random raters;0.760186;4.62573;42;126;0.0;[0.61 0.86];Normalized data;Control;delta;C23
629;ICC3k;Average fixed raters;0.783818;4.62573;42;126;0.0;[0.65 0.87];Normalized data;Control;delta;C23
630;ICC1;Single raters absolute;0.750044;13.002841;42;129;0.0;[0.64 0.84];Normalized data;Control;theta;C23
631;ICC2;Single random raters;0.751243;14.088903;42;126;0.0;[0.64 0.84];Normalized data;Control;theta;C23
632;ICC3;Single fixed raters;0.76593;14.088903;42;126;0.0;[0.66 0.85];Normalized data;Control;theta;C23
633;ICC1k;Average raters absolute;0.923094;13.002841;42;129;0.0;[0.88 0.95];Normalized data;Control;theta;C23
634;ICC2k;Average random raters;0.923547;14.088903;42;126;0.0;[0.88 0.96];Normalized data;Control;theta;C23
635;ICC3k;Average fixed raters;0.929022;14.088903;42;126;0.0;[0.89 0.96];Normalized data;Control;theta;C23
636;ICC1;Single raters absolute;0.599638;6.990949;42;129;0.0;[0.46 0.73];Normalized data;Control;alpha-1;C23
637;ICC2;Single random raters;0.604923;8.069498;42;126;0.0;[0.46 0.74];Normalized data;Control;alpha-1;C23
638;ICC3;Single fixed raters;0.638647;8.069498;42;126;0.0;[0.5  0.76];Normalized data;Control;alpha-1;C23
639;ICC1k;Average raters absolute;0.856958;6.990949;42;129;0.0;[0.77 0.92];Normalized data;Control;alpha-1;C23
640;ICC2k;Average random raters;0.859641;8.069498;42;126;0.0;[0.77 0.92];Normalized data;Control;alpha-1;C23
641;ICC3k;Average fixed raters;0.876077;8.069498;42;126;0.0;[0.8  0.93];Normalized data;Control;alpha-1;C23
642;ICC1;Single raters absolute;0.684393;9.673991;42;129;0.0;[0.56 0.79];Normalized data;Control;alpha-2;C23
643;ICC2;Single random raters;0.685574;10.157678;42;126;0.0;[0.56 0.8 ];Normalized data;Control;alpha-2;C23
644;ICC3;Single fixed raters;0.695995;10.157678;42;126;0.0;[0.57 0.8 ];Normalized data;Control;alpha-2;C23
645;ICC1k;Average raters absolute;0.89663;9.673991;42;129;0.0;[0.84 0.94];Normalized data;Control;alpha-2;C23
646;ICC2k;Average random raters;0.897136;10.157678;42;126;0.0;[0.84 0.94];Normalized data;Control;alpha-2;C23
647;ICC3k;Average fixed raters;0.901552;10.157678;42;126;0.0;[0.84 0.94];Normalized data;Control;alpha-2;C23
648;ICC1;Single raters absolute;0.65861;8.716813;42;129;0.0;[0.53 0.78];Normalized data;Control;beta1;C23
649;ICC2;Single random raters;0.658046;8.551565;42;126;0.0;[0.53 0.78];Normalized data;Control;beta1;C23
650;ICC3;Single fixed raters;0.653727;8.551565;42;126;0.0;[0.52 0.77];Normalized data;Control;beta1;C23
651;ICC1k;Average raters absolute;0.885279;8.716813;42;129;0.0;[0.82 0.93];Normalized data;Control;beta1;C23
652;ICC2k;Average random raters;0.885024;8.551565;42;126;0.0;[0.82 0.93];Normalized data;Control;beta1;C23
653;ICC3k;Average fixed raters;0.883062;8.551565;42;126;0.0;[0.81 0.93];Normalized data;Control;beta1;C23
654;ICC1;Single raters absolute;0.68857;9.843987;42;129;0.0;[0.56 0.8 ];Normalized data;Control;beta2;C23
655;ICC2;Single random raters;0.689255;10.130754;42;126;0.0;[0.56 0.8 ];Normalized data;Control;beta2;C23
656;ICC3;Single fixed raters;0.695372;10.130754;42;126;0.0;[0.57 0.8 ];Normalized data;Control;beta2;C23
657;ICC1k;Average raters absolute;0.898415;9.843987;42;129;0.0;[0.84 0.94];Normalized data;Control;beta2;C23
658;ICC2k;Average random raters;0.898706;10.130754;42;126;0.0;[0.84 0.94];Normalized data;Control;beta2;C23
659;ICC3k;Average fixed raters;0.901291;10.130754;42;126;0.0;[0.84 0.94];Normalized data;Control;beta2;C23
660;ICC1;Single raters absolute;0.710566;10.820089;42;129;0.0;[0.59 0.81];Normalized data;Control;beta3;C23
661;ICC2;Single random raters;0.711251;11.186588;42;126;0.0;[0.59 0.81];Normalized data;Control;beta3;C23
662;ICC3;Single fixed raters;0.718044;11.186588;42;126;0.0;[0.6  0.82];Normalized data;Control;beta3;C23
663;ICC1k;Average raters absolute;0.907579;10.820089;42;129;0.0;[0.85 0.95];Normalized data;Control;beta3;C23
664;ICC2k;Average random raters;0.907858;11.186588;42;126;0.0;[0.85 0.95];Normalized data;Control;beta3;C23
665;ICC3k;Average fixed raters;0.910607;11.186588;42;126;0.0;[0.86 0.95];Normalized data;Control;beta3;C23
666;ICC1;Single raters absolute;0.75353;13.229155;42;129;0.0;[0.65 0.84];Normalized data;Control;gamma;C23
667;ICC2;Single random raters;0.75399;13.642797;42;126;0.0;[0.65 0.84];Normalized data;Control;gamma;C23
668;ICC3;Single fixed raters;0.759656;13.642797;42;126;0.0;[0.65 0.85];Normalized data;Control;gamma;C23
669;ICC1k;Average raters absolute;0.924409;13.229155;42;129;0.0;[0.88 0.96];Normalized data;Control;gamma;C23
670;ICC2k;Average random raters;0.924582;13.642797;42;126;0.0;[0.88 0.96];Normalized data;Control;gamma;C23
671;ICC3k;Average fixed raters;0.926701;13.642797;42;126;0.0;[0.88 0.96];Normalized data;Control;gamma;C23
672;ICC1;Single raters absolute;0.4438;4.191656;42;129;0.0;[0.29 0.6 ];Normalized data;Control;delta;C24
673;ICC2;Single random raters;0.449081;4.502009;42;126;0.0;[0.3  0.61];Normalized data;Control;delta;C24
674;ICC3;Single fixed raters;0.466809;4.502009;42;126;0.0;[0.31 0.62];Normalized data;Control;delta;C24
675;ICC1k;Average raters absolute;0.761431;4.191656;42;129;0.0;[0.62 0.86];Normalized data;Control;delta;C24
676;ICC2k;Average random raters;0.765291;4.502009;42;126;0.0;[0.63 0.86];Normalized data;Control;delta;C24
677;ICC3k;Average fixed raters;0.777877;4.502009;42;126;0.0;[0.65 0.87];Normalized data;Control;delta;C24
678;ICC1;Single raters absolute;0.858746;25.317792;42;129;0.0;[0.79 0.91];Normalized data;Control;theta;C24
679;ICC2;Single random raters;0.85899;26.620817;42;126;0.0;[0.79 0.91];Normalized data;Control;theta;C24
680;ICC3;Single fixed raters;0.86496;26.620817;42;126;0.0;[0.8  0.92];Normalized data;Control;theta;C24
681;ICC1k;Average raters absolute;0.960502;25.317792;42;129;0.0;[0.94 0.98];Normalized data;Control;theta;C24
682;ICC2k;Average random raters;0.960578;26.620817;42;126;0.0;[0.94 0.98];Normalized data;Control;theta;C24
683;ICC3k;Average fixed raters;0.962435;26.620817;42;126;0.0;[0.94 0.98];Normalized data;Control;theta;C24
684;ICC1;Single raters absolute;0.745394;12.710564;42;129;0.0;[0.64 0.84];Normalized data;Control;alpha-1;C24
685;ICC2;Single random raters;0.747064;14.18176;42;126;0.0;[0.63 0.84];Normalized data;Control;alpha-1;C24
686;ICC3;Single fixed raters;0.767195;14.18176;42;126;0.0;[0.66 0.85];Normalized data;Control;alpha-1;C24
687;ICC1k;Average raters absolute;0.921325;12.710564;42;129;0.0;[0.87 0.95];Normalized data;Control;alpha-1;C24
688;ICC2k;Average random raters;0.921962;14.18176;42;126;0.0;[0.87 0.95];Normalized data;Control;alpha-1;C24
689;ICC3k;Average fixed raters;0.929487;14.18176;42;126;0.0;[0.89 0.96];Normalized data;Control;alpha-1;C24
690;ICC1;Single raters absolute;0.7263;11.614548;42;129;0.0;[0.61 0.82];Normalized data;Control;alpha-2;C24
691;ICC2;Single random raters;0.727057;12.104816;42;126;0.0;[0.61 0.82];Normalized data;Control;alpha-2;C24
692;ICC3;Single fixed raters;0.735184;12.104816;42;126;0.0;[0.62 0.83];Normalized data;Control;alpha-2;C24
693;ICC1k;Average raters absolute;0.913901;11.614548;42;129;0.0;[0.86 0.95];Normalized data;Control;alpha-2;C24
694;ICC2k;Average random raters;0.9142;12.104816;42;126;0.0;[0.86 0.95];Normalized data;Control;alpha-2;C24
695;ICC3k;Average fixed raters;0.917388;12.104816;42;126;0.0;[0.87 0.95];Normalized data;Control;alpha-2;C24
696;ICC1;Single raters absolute;0.744519;12.65675;42;129;0.0;[0.63 0.84];Normalized data;Control;beta1;C24
697;ICC2;Single random raters;0.744668;12.773685;42;126;0.0;[0.63 0.84];Normalized data;Control;beta1;C24
698;ICC3;Single fixed raters;0.746413;12.773685;42;126;0.0;[0.64 0.84];Normalized data;Control;beta1;C24
699;ICC1k;Average raters absolute;0.920991;12.65675;42;129;0.0;[0.87 0.95];Normalized data;Control;beta1;C24
700;ICC2k;Average random raters;0.921048;12.773685;42;126;0.0;[0.87 0.95];Normalized data;Control;beta1;C24
701;ICC3k;Average fixed raters;0.921714;12.773685;42;126;0.0;[0.88 0.95];Normalized data;Control;beta1;C24
702;ICC1;Single raters absolute;0.791867;16.218462;42;129;0.0;[0.7  0.87];Normalized data;Control;beta2;C24
703;ICC2;Single random raters;0.791617;15.853222;42;126;0.0;[0.7  0.87];Normalized data;Control;beta2;C24
704;ICC3;Single fixed raters;0.787835;15.853222;42;126;0.0;[0.69 0.87];Normalized data;Control;beta2;C24
705;ICC1k;Average raters absolute;0.938342;16.218462;42;129;0.0;[0.9  0.96];Normalized data;Control;beta2;C24
706;ICC2k;Average random raters;0.938254;15.853222;42;126;0.0;[0.9  0.96];Normalized data;Control;beta2;C24
707;ICC3k;Average fixed raters;0.936921;15.853222;42;126;0.0;[0.9  0.96];Normalized data;Control;beta2;C24
708;ICC1;Single raters absolute;0.83288;20.934836;42;129;0.0;[0.75 0.9 ];Normalized data;Control;beta3;C24
709;ICC2;Single random raters;0.833216;21.997592;42;126;0.0;[0.75 0.9 ];Normalized data;Control;beta3;C24
710;ICC3;Single fixed raters;0.839985;21.997592;42;126;0.0;[0.76 0.9 ];Normalized data;Control;beta3;C24
711;ICC1k;Average raters absolute;0.952233;20.934836;42;129;0.0;[0.92 0.97];Normalized data;Control;beta3;C24
712;ICC2k;Average random raters;0.952343;21.997592;42;126;0.0;[0.92 0.97];Normalized data;Control;beta3;C24
713;ICC3k;Average fixed raters;0.95454;21.997592;42;126;0.0;[0.93 0.97];Normalized data;Control;beta3;C24
714;ICC1;Single raters absolute;0.820082;19.232331;42;129;0.0;[0.73 0.89];Normalized data;Control;gamma;C24
715;ICC2;Single random raters;0.820251;19.6426;42;126;0.0;[0.73 0.89];Normalized data;Control;gamma;C24
716;ICC3;Single fixed raters;0.823342;19.6426;42;126;0.0;[0.74 0.89];Normalized data;Control;gamma;C24
717;ICC1k;Average raters absolute;0.948004;19.232331;42;129;0.0;[0.92 0.97];Normalized data;Control;gamma;C24
718;ICC2k;Average random raters;0.948061;19.6426;42;126;0.0;[0.92 0.97];Normalized data;Control;gamma;C24
719;ICC3k;Average fixed raters;0.94909;19.6426;42;126;0.0;[0.92 0.97];Normalized data;Control;gamma;C24
720;ICC1;Single raters absolute;0.433199;4.057155;42;129;0.0;[0.28 0.6 ];Normalized data;Control;delta;C25
721;ICC2;Single random raters;0.43751;4.289114;42;126;0.0;[0.28 0.6 ];Normalized data;Control;delta;C25
722;ICC3;Single fixed raters;0.451236;4.289114;42;126;0.0;[0.3  0.61];Normalized data;Control;delta;C25
723;ICC1k;Average raters absolute;0.753522;4.057155;42;129;0.0;[0.61 0.85];Normalized data;Control;delta;C25
724;ICC2k;Average random raters;0.756764;4.289114;42;126;0.0;[0.61 0.86];Normalized data;Control;delta;C25
725;ICC3k;Average fixed raters;0.766852;4.289114;42;126;0.0;[0.63 0.86];Normalized data;Control;delta;C25
726;ICC1;Single raters absolute;0.803027;17.307363;42;129;0.0;[0.71 0.88];Normalized data;Control;theta;C25
727;ICC2;Single random raters;0.804378;20.130326;42;126;0.0;[0.7  0.88];Normalized data;Control;theta;C25
728;ICC3;Single fixed raters;0.827067;20.130326;42;126;0.0;[0.74 0.89];Normalized data;Control;theta;C25
729;ICC1k;Average raters absolute;0.942221;17.307363;42;129;0.0;[0.91 0.97];Normalized data;Control;theta;C25
730;ICC2k;Average random raters;0.942686;20.130326;42;126;0.0;[0.9  0.97];Normalized data;Control;theta;C25
731;ICC3k;Average fixed raters;0.950324;20.130326;42;126;0.0;[0.92 0.97];Normalized data;Control;theta;C25
732;ICC1;Single raters absolute;0.694321;10.085609;42;129;0.0;[0.57 0.8 ];Normalized data;Control;alpha-1;C25
733;ICC2;Single random raters;0.695197;10.480025;42;126;0.0;[0.57 0.8 ];Normalized data;Control;alpha-1;C25
734;ICC3;Single fixed raters;0.703265;10.480025;42;126;0.0;[0.58 0.81];Normalized data;Control;alpha-1;C25
735;ICC1k;Average raters absolute;0.900849;10.085609;42;129;0.0;[0.84 0.94];Normalized data;Control;alpha-1;C25
736;ICC2k;Average random raters;0.901217;10.480025;42;126;0.0;[0.84 0.94];Normalized data;Control;alpha-1;C25
737;ICC3k;Average fixed raters;0.90458;10.480025;42;126;0.0;[0.85 0.94];Normalized data;Control;alpha-1;C25
738;ICC1;Single raters absolute;0.758321;13.550864;42;129;0.0;[0.65 0.85];Normalized data;Control;alpha-2;C25
739;ICC2;Single random raters;0.75847;13.691174;42;126;0.0;[0.65 0.85];Normalized data;Control;alpha-2;C25
740;ICC3;Single fixed raters;0.760352;13.691174;42;126;0.0;[0.65 0.85];Normalized data;Control;alpha-2;C25
741;ICC1k;Average raters absolute;0.926204;13.550864;42;129;0.0;[0.88 0.96];Normalized data;Control;alpha-2;C25
742;ICC2k;Average random raters;0.92626;13.691174;42;126;0.0;[0.88 0.96];Normalized data;Control;alpha-2;C25
743;ICC3k;Average fixed raters;0.92696;13.691174;42;126;0.0;[0.88 0.96];Normalized data;Control;alpha-2;C25
744;ICC1;Single raters absolute;0.718064;11.18762;42;129;0.0;[0.6  0.82];Normalized data;Control;beta1;C25
745;ICC2;Single random raters;0.717956;11.12728;42;126;0.0;[0.6  0.82];Normalized data;Control;beta1;C25
746;ICC3;Single fixed raters;0.71686;11.12728;42;126;0.0;[0.6  0.82];Normalized data;Control;beta1;C25
747;ICC1k;Average raters absolute;0.910615;11.18762;42;129;0.0;[0.86 0.95];Normalized data;Control;beta1;C25
748;ICC2k;Average random raters;0.910572;11.12728;42;126;0.0;[0.86 0.95];Normalized data;Control;beta1;C25
749;ICC3k;Average fixed raters;0.910131;11.12728;42;126;0.0;[0.86 0.95];Normalized data;Control;beta1;C25
750;ICC1;Single raters absolute;0.855287;24.640924;42;129;0.0;[0.78 0.91];Normalized data;Control;beta2;C25
751;ICC2;Single random raters;0.85577;27.151901;42;126;0.0;[0.78 0.91];Normalized data;Control;beta2;C25
752;ICC3;Single fixed raters;0.867338;27.151901;42;126;0.0;[0.8  0.92];Normalized data;Control;beta2;C25
753;ICC1k;Average raters absolute;0.959417;24.640924;42;129;0.0;[0.94 0.98];Normalized data;Control;beta2;C25
754;ICC2k;Average random raters;0.959569;27.151901;42;126;0.0;[0.93 0.98];Normalized data;Control;beta2;C25
755;ICC3k;Average fixed raters;0.96317;27.151901;42;126;0.0;[0.94 0.98];Normalized data;Control;beta2;C25
756;ICC1;Single raters absolute;0.898856;36.547537;42;129;0.0;[0.85 0.94];Normalized data;Control;beta3;C25
757;ICC2;Single random raters;0.898806;35.841647;42;126;0.0;[0.85 0.94];Normalized data;Control;beta3;C25
758;ICC3;Single fixed raters;0.897018;35.841647;42;126;0.0;[0.84 0.94];Normalized data;Control;beta3;C25
759;ICC1k;Average raters absolute;0.972638;36.547537;42;129;0.0;[0.96 0.98];Normalized data;Control;beta3;C25
760;ICC2k;Average random raters;0.972624;35.841647;42;126;0.0;[0.96 0.98];Normalized data;Control;beta3;C25
761;ICC3k;Average fixed raters;0.972099;35.841647;42;126;0.0;[0.96 0.98];Normalized data;Control;beta3;C25
762;ICC1;Single raters absolute;0.842986;22.475445;42;129;0.0;[0.77 0.9 ];Normalized data;Control;gamma;C25
763;ICC2;Single random raters;0.842914;22.217202;42;126;0.0;[0.77 0.9 ];Normalized data;Control;gamma;C25
764;ICC3;Single fixed raters;0.841378;22.217202;42;126;0.0;[0.76 0.9 ];Normalized data;Control;gamma;C25
765;ICC1k;Average raters absolute;0.955507;22.475445;42;129;0.0;[0.93 0.97];Normalized data;Control;gamma;C25
766;ICC2k;Average random raters;0.955484;22.217202;42;126;0.0;[0.93 0.97];Normalized data;Control;gamma;C25
767;ICC3k;Average fixed raters;0.95499;22.217202;42;126;0.0;[0.93 0.97];Normalized data;Control;gamma;C25
