;ICC;F;df1;df2;pval;CI95%;Description;Stage;Group;Bands;Components
0;0.907856;10.852623;17;51;0.0;[0.81 0.96];Average fixed raters;Preprocessed data;CTR;delta;C14
1;0.958853;24.303212;17;51;0.0;[0.92 0.98];Average fixed raters;Preprocessed data;CTR;theta;C14
2;0.938272;16.200089;17;51;0.0;[0.87 0.97];Average fixed raters;Preprocessed data;CTR;alpha-1;C14
3;0.946142;18.56751;17;51;0.0;[0.89 0.98];Average fixed raters;Preprocessed data;CTR;alpha-2;C14
4;0.895843;9.600856;17;51;0.0;[0.79 0.96];Average fixed raters;Preprocessed data;CTR;beta1;C14
5;0.914144;11.647414;17;51;0.0;[0.82 0.96];Average fixed raters;Preprocessed data;CTR;beta2;C14
6;0.94105;16.963664;17;51;0.0;[0.88 0.98];Average fixed raters;Preprocessed data;CTR;beta3;C14
7;0.912416;11.417549;17;51;0.0;[0.82 0.96];Average fixed raters;Preprocessed data;CTR;gamma;C14
8;0.878628;8.239161;17;51;0.0;[0.75 0.95];Average fixed raters;Preprocessed data;CTR;delta;C15
9;0.921991;12.819081;17;51;0.0;[0.84 0.97];Average fixed raters;Preprocessed data;CTR;theta;C15
10;0.874271;7.953614;17;51;0.0;[0.74 0.95];Average fixed raters;Preprocessed data;CTR;alpha-1;C15
11;0.844414;6.427325;17;51;0.0;[0.68 0.94];Average fixed raters;Preprocessed data;CTR;alpha-2;C15
12;0.877028;8.131903;17;51;0.0;[0.75 0.95];Average fixed raters;Preprocessed data;CTR;beta1;C15
13;0.931682;14.637335;17;51;0.0;[0.86 0.97];Average fixed raters;Preprocessed data;CTR;beta2;C15
14;0.899355;9.93592;17;51;0.0;[0.79 0.96];Average fixed raters;Preprocessed data;CTR;beta3;C15
15;0.879206;8.278545;17;51;0.0;[0.75 0.95];Average fixed raters;Preprocessed data;CTR;gamma;C15
16;0.86939;7.656362;17;51;0.0;[0.73 0.95];Average fixed raters;Preprocessed data;CTR;delta;C18
17;0.966868;30.182196;17;51;0.0;[0.93 0.99];Average fixed raters;Preprocessed data;CTR;theta;C18
18;0.874817;7.988278;17;51;0.0;[0.74 0.95];Average fixed raters;Preprocessed data;CTR;alpha-1;C18
19;0.851414;6.73009;17;51;0.0;[0.7  0.94];Average fixed raters;Preprocessed data;CTR;alpha-2;C18
20;0.962936;26.980116;17;51;0.0;[0.92 0.98];Average fixed raters;Preprocessed data;CTR;beta1;C18
21;0.922361;12.880152;17;51;0.0;[0.84 0.97];Average fixed raters;Preprocessed data;CTR;beta2;C18
22;0.95796;23.786607;17;51;0.0;[0.91 0.98];Average fixed raters;Preprocessed data;CTR;beta3;C18
23;0.876872;8.121656;17;51;0.0;[0.75 0.95];Average fixed raters;Preprocessed data;CTR;gamma;C18
24;0.863152;7.307386;17;51;0.0;[0.72 0.94];Average fixed raters;Preprocessed data;CTR;delta;C20
25;0.95945;24.660747;17;51;0.0;[0.92 0.98];Average fixed raters;Preprocessed data;CTR;theta;C20
26;0.935876;15.594671;17;51;0.0;[0.87 0.97];Average fixed raters;Preprocessed data;CTR;alpha-1;C20
27;0.926612;13.62616;17;51;0.0;[0.85 0.97];Average fixed raters;Preprocessed data;CTR;alpha-2;C20
28;0.953314;21.419522;17;51;0.0;[0.9  0.98];Average fixed raters;Preprocessed data;CTR;beta1;C20
29;0.85678;6.982289;17;51;0.0;[0.71 0.94];Average fixed raters;Preprocessed data;CTR;beta2;C20
30;0.935202;15.432469;17;51;0.0;[0.87 0.97];Average fixed raters;Preprocessed data;CTR;beta3;C20
31;0.908384;10.915128;17;51;0.0;[0.81 0.96];Average fixed raters;Preprocessed data;CTR;gamma;C20
32;0.778617;4.51705;17;51;1.4e-05;[0.55 0.91];Average fixed raters;Preprocessed data;CTR;delta;C22
33;0.967965;31.21626;17;51;0.0;[0.93 0.99];Average fixed raters;Preprocessed data;CTR;theta;C22
34;0.910371;11.157067;17;51;0.0;[0.82 0.96];Average fixed raters;Preprocessed data;CTR;alpha-1;C22
35;0.93262;14.841124;17;51;0.0;[0.86 0.97];Average fixed raters;Preprocessed data;CTR;alpha-2;C22
36;0.971463;35.042513;17;51;0.0;[0.94 0.99];Average fixed raters;Preprocessed data;CTR;beta1;C22
37;0.944717;18.088764;17;51;0.0;[0.89 0.98];Average fixed raters;Preprocessed data;CTR;beta2;C22
38;0.946723;18.769739;17;51;0.0;[0.89 0.98];Average fixed raters;Preprocessed data;CTR;beta3;C22
39;0.925564;13.434342;17;51;0.0;[0.85 0.97];Average fixed raters;Preprocessed data;CTR;gamma;C22
40;0.8434;6.385677;17;51;0.0;[0.68 0.93];Average fixed raters;Preprocessed data;CTR;delta;C23
41;0.94847;19.406142;17;51;0.0;[0.89 0.98];Average fixed raters;Preprocessed data;CTR;theta;C23
42;0.895;9.52377;17;51;0.0;[0.78 0.96];Average fixed raters;Preprocessed data;CTR;alpha-1;C23
43;0.893688;9.40624;17;51;0.0;[0.78 0.96];Average fixed raters;Preprocessed data;CTR;alpha-2;C23
44;0.908371;10.913611;17;51;0.0;[0.81 0.96];Average fixed raters;Preprocessed data;CTR;beta1;C23
45;0.883642;8.59416;17;51;0.0;[0.76 0.95];Average fixed raters;Preprocessed data;CTR;beta2;C23
46;0.939468;16.520089;17;51;0.0;[0.88 0.97];Average fixed raters;Preprocessed data;CTR;beta3;C23
47;0.939667;16.574558;17;51;0.0;[0.88 0.97];Average fixed raters;Preprocessed data;CTR;gamma;C23
48;0.664658;2.982031;17;51;0.001321;[0.31 0.86];Average fixed raters;Preprocessed data;CTR;delta;C24
49;0.975558;40.91276;17;51;0.0;[0.95 0.99];Average fixed raters;Preprocessed data;CTR;theta;C24
50;0.951654;20.684426;17;51;0.0;[0.9  0.98];Average fixed raters;Preprocessed data;CTR;alpha-1;C24
51;0.936912;15.850832;17;51;0.0;[0.87 0.97];Average fixed raters;Preprocessed data;CTR;alpha-2;C24
52;0.958319;23.991482;17;51;0.0;[0.91 0.98];Average fixed raters;Preprocessed data;CTR;beta1;C24
53;0.931918;14.688085;17;51;0.0;[0.86 0.97];Average fixed raters;Preprocessed data;CTR;beta2;C24
54;0.965636;29.100593;17;51;0.0;[0.93 0.99];Average fixed raters;Preprocessed data;CTR;beta3;C24
55;0.949905;19.962092;17;51;0.0;[0.9  0.98];Average fixed raters;Preprocessed data;CTR;gamma;C24
56;0.825498;5.73058;17;51;1e-06;[0.64 0.93];Average fixed raters;Preprocessed data;CTR;delta;C25
57;0.97102;34.506227;17;51;0.0;[0.94 0.99];Average fixed raters;Preprocessed data;CTR;theta;C25
58;0.909587;11.060339;17;51;0.0;[0.81 0.96];Average fixed raters;Preprocessed data;CTR;alpha-1;C25
59;0.95101;20.412391;17;51;0.0;[0.9  0.98];Average fixed raters;Preprocessed data;CTR;alpha-2;C25
60;0.925911;13.497268;17;51;0.0;[0.85 0.97];Average fixed raters;Preprocessed data;CTR;beta1;C25
61;0.96711;30.403973;17;51;0.0;[0.93 0.99];Average fixed raters;Preprocessed data;CTR;beta2;C25
62;0.976891;43.273914;17;51;0.0;[0.95 0.99];Average fixed raters;Preprocessed data;CTR;beta3;C25
63;0.949009;19.61122;17;51;0.0;[0.9  0.98];Average fixed raters;Preprocessed data;CTR;gamma;C25
64;0.821094;5.589516;24;72;0.0;[0.67 0.91];Average fixed raters;Preprocessed data;G2;delta;C14
65;0.9236;13.089079;24;72;0.0;[0.86 0.96];Average fixed raters;Preprocessed data;G2;theta;C14
66;0.918902;12.330724;24;72;0.0;[0.85 0.96];Average fixed raters;Preprocessed data;G2;alpha-1;C14
67;0.940825;16.899046;24;72;0.0;[0.89 0.97];Average fixed raters;Preprocessed data;G2;alpha-2;C14
68;0.873059;7.877653;24;72;0.0;[0.77 0.94];Average fixed raters;Preprocessed data;G2;beta1;C14
69;0.898618;9.863698;24;72;0.0;[0.81 0.95];Average fixed raters;Preprocessed data;G2;beta2;C14
70;0.932362;14.784536;24;72;0.0;[0.88 0.97];Average fixed raters;Preprocessed data;G2;beta3;C14
71;0.627351;2.683488;24;72;0.000678;[0.31 0.82];Average fixed raters;Preprocessed data;G2;gamma;C14
72;0.846605;6.51912;24;72;0.0;[0.72 0.93];Average fixed raters;Preprocessed data;G2;delta;C15
73;0.959076;24.435695;24;72;0.0;[0.92 0.98];Average fixed raters;Preprocessed data;G2;theta;C15
74;0.928873;14.059329;24;72;0.0;[0.87 0.97];Average fixed raters;Preprocessed data;G2;alpha-1;C15
75;0.897463;9.752611;24;72;0.0;[0.81 0.95];Average fixed raters;Preprocessed data;G2;alpha-2;C15
76;0.935703;15.552945;24;72;0.0;[0.88 0.97];Average fixed raters;Preprocessed data;G2;beta1;C15
77;0.93896;16.382629;24;72;0.0;[0.89 0.97];Average fixed raters;Preprocessed data;G2;beta2;C15
78;0.932767;14.873663;24;72;0.0;[0.88 0.97];Average fixed raters;Preprocessed data;G2;beta3;C15
79;0.756171;4.101232;24;72;2e-06;[0.55 0.88];Average fixed raters;Preprocessed data;G2;gamma;C15
80;0.854625;6.878759;24;72;0.0;[0.73 0.93];Average fixed raters;Preprocessed data;G2;delta;C18
81;0.927948;13.878793;24;72;0.0;[0.87 0.96];Average fixed raters;Preprocessed data;G2;theta;C18
82;0.924339;13.21687;24;72;0.0;[0.86 0.96];Average fixed raters;Preprocessed data;G2;alpha-1;C18
83;0.91189;11.34942;24;72;0.0;[0.84 0.96];Average fixed raters;Preprocessed data;G2;alpha-2;C18
84;0.891779;9.240317;24;72;0.0;[0.8  0.95];Average fixed raters;Preprocessed data;G2;beta1;C18
85;0.923564;13.082801;24;72;0.0;[0.86 0.96];Average fixed raters;Preprocessed data;G2;beta2;C18
86;0.939601;16.556634;24;72;0.0;[0.89 0.97];Average fixed raters;Preprocessed data;G2;beta3;C18
87;0.857372;7.011255;24;72;0.0;[0.74 0.93];Average fixed raters;Preprocessed data;G2;gamma;C18
88;0.781741;4.581715;24;72;0.0;[0.6  0.89];Average fixed raters;Preprocessed data;G2;delta;C20
89;0.939329;16.482297;24;72;0.0;[0.89 0.97];Average fixed raters;Preprocessed data;G2;theta;C20
90;0.922509;12.904744;24;72;0.0;[0.86 0.96];Average fixed raters;Preprocessed data;G2;alpha-1;C20
91;0.916854;12.027037;24;72;0.0;[0.85 0.96];Average fixed raters;Preprocessed data;G2;alpha-2;C20
92;0.871245;7.766668;24;72;0.0;[0.76 0.94];Average fixed raters;Preprocessed data;G2;beta1;C20
93;0.918294;12.23904;24;72;0.0;[0.85 0.96];Average fixed raters;Preprocessed data;G2;beta2;C20
94;0.90859;10.939689;24;72;0.0;[0.83 0.96];Average fixed raters;Preprocessed data;G2;beta3;C20
95;0.787159;4.698336;24;72;0.0;[0.61 0.9 ];Average fixed raters;Preprocessed data;G2;gamma;C20
96;0.82073;5.578182;24;72;0.0;[0.67 0.91];Average fixed raters;Preprocessed data;G2;delta;C22
97;0.934644;15.300745;24;72;0.0;[0.88 0.97];Average fixed raters;Preprocessed data;G2;theta;C22
98;0.936571;15.765594;24;72;0.0;[0.88 0.97];Average fixed raters;Preprocessed data;G2;alpha-1;C22
99;0.927707;13.832571;24;72;0.0;[0.87 0.96];Average fixed raters;Preprocessed data;G2;alpha-2;C22
100;0.892356;9.289877;24;72;0.0;[0.8  0.95];Average fixed raters;Preprocessed data;G2;beta1;C22
101;0.944512;18.022074;24;72;0.0;[0.9  0.97];Average fixed raters;Preprocessed data;G2;beta2;C22
102;0.953559;21.532663;24;72;0.0;[0.91 0.98];Average fixed raters;Preprocessed data;G2;beta3;C22
103;0.914026;11.631445;24;72;0.0;[0.84 0.96];Average fixed raters;Preprocessed data;G2;gamma;C22
104;0.740899;3.859505;24;72;5e-06;[0.52 0.87];Average fixed raters;Preprocessed data;G2;delta;C23
105;0.910006;11.111833;24;72;0.0;[0.83 0.96];Average fixed raters;Preprocessed data;G2;theta;C23
106;0.853401;6.821338;24;72;0.0;[0.73 0.93];Average fixed raters;Preprocessed data;G2;alpha-1;C23
107;0.876286;8.083153;24;72;0.0;[0.77 0.94];Average fixed raters;Preprocessed data;G2;alpha-2;C23
108;0.876582;8.102575;24;72;0.0;[0.77 0.94];Average fixed raters;Preprocessed data;G2;beta1;C23
109;0.898931;9.8942;24;72;0.0;[0.81 0.95];Average fixed raters;Preprocessed data;G2;beta2;C23
110;0.823508;5.665974;24;72;0.0;[0.68 0.91];Average fixed raters;Preprocessed data;G2;beta3;C23
111;0.874732;7.982896;24;72;0.0;[0.77 0.94];Average fixed raters;Preprocessed data;G2;gamma;C23
112;0.768707;4.323518;24;72;1e-06;[0.57 0.89];Average fixed raters;Preprocessed data;G2;delta;C24
113;0.942216;17.305941;24;72;0.0;[0.89 0.97];Average fixed raters;Preprocessed data;G2;theta;C24
114;0.901958;10.199742;24;72;0.0;[0.82 0.95];Average fixed raters;Preprocessed data;G2;alpha-1;C24
115;0.888781;8.991291;24;72;0.0;[0.8  0.95];Average fixed raters;Preprocessed data;G2;alpha-2;C24
116;0.894618;9.489286;24;72;0.0;[0.81 0.95];Average fixed raters;Preprocessed data;G2;beta1;C24
117;0.94123;17.015414;24;72;0.0;[0.89 0.97];Average fixed raters;Preprocessed data;G2;beta2;C24
118;0.862589;7.277433;24;72;0.0;[0.75 0.93];Average fixed raters;Preprocessed data;G2;beta3;C24
119;0.87374;7.920146;24;72;0.0;[0.77 0.94];Average fixed raters;Preprocessed data;G2;gamma;C24
120;0.678317;3.108648;24;72;0.000109;[0.41 0.84];Average fixed raters;Preprocessed data;G2;delta;C25
121;0.920171;12.526844;24;72;0.0;[0.85 0.96];Average fixed raters;Preprocessed data;G2;theta;C25
122;0.90164;10.166767;24;72;0.0;[0.82 0.95];Average fixed raters;Preprocessed data;G2;alpha-1;C25
123;0.910778;11.208011;24;72;0.0;[0.84 0.96];Average fixed raters;Preprocessed data;G2;alpha-2;C25
124;0.912999;11.494123;24;72;0.0;[0.84 0.96];Average fixed raters;Preprocessed data;G2;beta1;C25
125;0.949904;19.961564;24;72;0.0;[0.91 0.98];Average fixed raters;Preprocessed data;G2;beta2;C25
126;0.931381;14.573251;24;72;0.0;[0.87 0.97];Average fixed raters;Preprocessed data;G2;beta3;C25
127;0.901566;10.159136;24;72;0.0;[0.82 0.95];Average fixed raters;Preprocessed data;G2;gamma;C25
128;0.907856;10.852623;17;51;0.0;[0.81 0.96];Average fixed raters;Normalized data;CTR;delta;C14
129;0.958853;24.303212;17;51;0.0;[0.92 0.98];Average fixed raters;Normalized data;CTR;theta;C14
130;0.938272;16.200089;17;51;0.0;[0.87 0.97];Average fixed raters;Normalized data;CTR;alpha-1;C14
131;0.946142;18.56751;17;51;0.0;[0.89 0.98];Average fixed raters;Normalized data;CTR;alpha-2;C14
132;0.895843;9.600856;17;51;0.0;[0.79 0.96];Average fixed raters;Normalized data;CTR;beta1;C14
133;0.914144;11.647414;17;51;0.0;[0.82 0.96];Average fixed raters;Normalized data;CTR;beta2;C14
134;0.94105;16.963664;17;51;0.0;[0.88 0.98];Average fixed raters;Normalized data;CTR;beta3;C14
135;0.912416;11.417549;17;51;0.0;[0.82 0.96];Average fixed raters;Normalized data;CTR;gamma;C14
136;0.878628;8.239161;17;51;0.0;[0.75 0.95];Average fixed raters;Normalized data;CTR;delta;C15
137;0.921991;12.819081;17;51;0.0;[0.84 0.97];Average fixed raters;Normalized data;CTR;theta;C15
138;0.874271;7.953614;17;51;0.0;[0.74 0.95];Average fixed raters;Normalized data;CTR;alpha-1;C15
139;0.844414;6.427325;17;51;0.0;[0.68 0.94];Average fixed raters;Normalized data;CTR;alpha-2;C15
140;0.877028;8.131903;17;51;0.0;[0.75 0.95];Average fixed raters;Normalized data;CTR;beta1;C15
141;0.931682;14.637335;17;51;0.0;[0.86 0.97];Average fixed raters;Normalized data;CTR;beta2;C15
142;0.899355;9.93592;17;51;0.0;[0.79 0.96];Average fixed raters;Normalized data;CTR;beta3;C15
143;0.879206;8.278545;17;51;0.0;[0.75 0.95];Average fixed raters;Normalized data;CTR;gamma;C15
144;0.86939;7.656362;17;51;0.0;[0.73 0.95];Average fixed raters;Normalized data;CTR;delta;C18
145;0.966868;30.182196;17;51;0.0;[0.93 0.99];Average fixed raters;Normalized data;CTR;theta;C18
146;0.874817;7.988278;17;51;0.0;[0.74 0.95];Average fixed raters;Normalized data;CTR;alpha-1;C18
147;0.851414;6.73009;17;51;0.0;[0.7  0.94];Average fixed raters;Normalized data;CTR;alpha-2;C18
148;0.962936;26.980116;17;51;0.0;[0.92 0.98];Average fixed raters;Normalized data;CTR;beta1;C18
149;0.922361;12.880152;17;51;0.0;[0.84 0.97];Average fixed raters;Normalized data;CTR;beta2;C18
150;0.95796;23.786607;17;51;0.0;[0.91 0.98];Average fixed raters;Normalized data;CTR;beta3;C18
151;0.876872;8.121656;17;51;0.0;[0.75 0.95];Average fixed raters;Normalized data;CTR;gamma;C18
152;0.863152;7.307386;17;51;0.0;[0.72 0.94];Average fixed raters;Normalized data;CTR;delta;C20
153;0.95945;24.660747;17;51;0.0;[0.92 0.98];Average fixed raters;Normalized data;CTR;theta;C20
154;0.935876;15.594671;17;51;0.0;[0.87 0.97];Average fixed raters;Normalized data;CTR;alpha-1;C20
155;0.926612;13.62616;17;51;0.0;[0.85 0.97];Average fixed raters;Normalized data;CTR;alpha-2;C20
156;0.953314;21.419522;17;51;0.0;[0.9  0.98];Average fixed raters;Normalized data;CTR;beta1;C20
157;0.85678;6.982289;17;51;0.0;[0.71 0.94];Average fixed raters;Normalized data;CTR;beta2;C20
158;0.935202;15.432469;17;51;0.0;[0.87 0.97];Average fixed raters;Normalized data;CTR;beta3;C20
159;0.908384;10.915128;17;51;0.0;[0.81 0.96];Average fixed raters;Normalized data;CTR;gamma;C20
160;0.778617;4.51705;17;51;1.4e-05;[0.55 0.91];Average fixed raters;Normalized data;CTR;delta;C22
161;0.967965;31.21626;17;51;0.0;[0.93 0.99];Average fixed raters;Normalized data;CTR;theta;C22
162;0.910371;11.157067;17;51;0.0;[0.82 0.96];Average fixed raters;Normalized data;CTR;alpha-1;C22
163;0.93262;14.841124;17;51;0.0;[0.86 0.97];Average fixed raters;Normalized data;CTR;alpha-2;C22
164;0.971463;35.042513;17;51;0.0;[0.94 0.99];Average fixed raters;Normalized data;CTR;beta1;C22
165;0.944717;18.088764;17;51;0.0;[0.89 0.98];Average fixed raters;Normalized data;CTR;beta2;C22
166;0.946723;18.769739;17;51;0.0;[0.89 0.98];Average fixed raters;Normalized data;CTR;beta3;C22
167;0.925564;13.434342;17;51;0.0;[0.85 0.97];Average fixed raters;Normalized data;CTR;gamma;C22
168;0.8434;6.385677;17;51;0.0;[0.68 0.93];Average fixed raters;Normalized data;CTR;delta;C23
169;0.94847;19.406142;17;51;0.0;[0.89 0.98];Average fixed raters;Normalized data;CTR;theta;C23
170;0.895;9.52377;17;51;0.0;[0.78 0.96];Average fixed raters;Normalized data;CTR;alpha-1;C23
171;0.893688;9.40624;17;51;0.0;[0.78 0.96];Average fixed raters;Normalized data;CTR;alpha-2;C23
172;0.908371;10.913611;17;51;0.0;[0.81 0.96];Average fixed raters;Normalized data;CTR;beta1;C23
173;0.883642;8.59416;17;51;0.0;[0.76 0.95];Average fixed raters;Normalized data;CTR;beta2;C23
174;0.939468;16.520089;17;51;0.0;[0.88 0.97];Average fixed raters;Normalized data;CTR;beta3;C23
175;0.939667;16.574558;17;51;0.0;[0.88 0.97];Average fixed raters;Normalized data;CTR;gamma;C23
176;0.664658;2.982031;17;51;0.001321;[0.31 0.86];Average fixed raters;Normalized data;CTR;delta;C24
177;0.975558;40.91276;17;51;0.0;[0.95 0.99];Average fixed raters;Normalized data;CTR;theta;C24
178;0.951654;20.684426;17;51;0.0;[0.9  0.98];Average fixed raters;Normalized data;CTR;alpha-1;C24
179;0.936912;15.850832;17;51;0.0;[0.87 0.97];Average fixed raters;Normalized data;CTR;alpha-2;C24
180;0.958319;23.991482;17;51;0.0;[0.91 0.98];Average fixed raters;Normalized data;CTR;beta1;C24
181;0.931918;14.688085;17;51;0.0;[0.86 0.97];Average fixed raters;Normalized data;CTR;beta2;C24
182;0.965636;29.100593;17;51;0.0;[0.93 0.99];Average fixed raters;Normalized data;CTR;beta3;C24
183;0.949905;19.962092;17;51;0.0;[0.9  0.98];Average fixed raters;Normalized data;CTR;gamma;C24
184;0.825498;5.73058;17;51;1e-06;[0.64 0.93];Average fixed raters;Normalized data;CTR;delta;C25
185;0.97102;34.506227;17;51;0.0;[0.94 0.99];Average fixed raters;Normalized data;CTR;theta;C25
186;0.909587;11.060339;17;51;0.0;[0.81 0.96];Average fixed raters;Normalized data;CTR;alpha-1;C25
187;0.95101;20.412391;17;51;0.0;[0.9  0.98];Average fixed raters;Normalized data;CTR;alpha-2;C25
188;0.925911;13.497268;17;51;0.0;[0.85 0.97];Average fixed raters;Normalized data;CTR;beta1;C25
189;0.96711;30.403973;17;51;0.0;[0.93 0.99];Average fixed raters;Normalized data;CTR;beta2;C25
190;0.976891;43.273914;17;51;0.0;[0.95 0.99];Average fixed raters;Normalized data;CTR;beta3;C25
191;0.949009;19.61122;17;51;0.0;[0.9  0.98];Average fixed raters;Normalized data;CTR;gamma;C25
192;0.821094;5.589516;24;72;0.0;[0.67 0.91];Average fixed raters;Normalized data;G2;delta;C14
193;0.9236;13.089079;24;72;0.0;[0.86 0.96];Average fixed raters;Normalized data;G2;theta;C14
194;0.918902;12.330724;24;72;0.0;[0.85 0.96];Average fixed raters;Normalized data;G2;alpha-1;C14
195;0.940825;16.899046;24;72;0.0;[0.89 0.97];Average fixed raters;Normalized data;G2;alpha-2;C14
196;0.873059;7.877653;24;72;0.0;[0.77 0.94];Average fixed raters;Normalized data;G2;beta1;C14
197;0.898618;9.863698;24;72;0.0;[0.81 0.95];Average fixed raters;Normalized data;G2;beta2;C14
198;0.932362;14.784536;24;72;0.0;[0.88 0.97];Average fixed raters;Normalized data;G2;beta3;C14
199;0.627351;2.683488;24;72;0.000678;[0.31 0.82];Average fixed raters;Normalized data;G2;gamma;C14
200;0.846605;6.51912;24;72;0.0;[0.72 0.93];Average fixed raters;Normalized data;G2;delta;C15
201;0.959076;24.435695;24;72;0.0;[0.92 0.98];Average fixed raters;Normalized data;G2;theta;C15
202;0.928873;14.059329;24;72;0.0;[0.87 0.97];Average fixed raters;Normalized data;G2;alpha-1;C15
203;0.897463;9.752611;24;72;0.0;[0.81 0.95];Average fixed raters;Normalized data;G2;alpha-2;C15
204;0.935703;15.552945;24;72;0.0;[0.88 0.97];Average fixed raters;Normalized data;G2;beta1;C15
205;0.93896;16.382629;24;72;0.0;[0.89 0.97];Average fixed raters;Normalized data;G2;beta2;C15
206;0.932767;14.873663;24;72;0.0;[0.88 0.97];Average fixed raters;Normalized data;G2;beta3;C15
207;0.756171;4.101232;24;72;2e-06;[0.55 0.88];Average fixed raters;Normalized data;G2;gamma;C15
208;0.854625;6.878759;24;72;0.0;[0.73 0.93];Average fixed raters;Normalized data;G2;delta;C18
209;0.927948;13.878793;24;72;0.0;[0.87 0.96];Average fixed raters;Normalized data;G2;theta;C18
210;0.924339;13.21687;24;72;0.0;[0.86 0.96];Average fixed raters;Normalized data;G2;alpha-1;C18
211;0.91189;11.34942;24;72;0.0;[0.84 0.96];Average fixed raters;Normalized data;G2;alpha-2;C18
212;0.891779;9.240317;24;72;0.0;[0.8  0.95];Average fixed raters;Normalized data;G2;beta1;C18
213;0.923564;13.082801;24;72;0.0;[0.86 0.96];Average fixed raters;Normalized data;G2;beta2;C18
214;0.939601;16.556634;24;72;0.0;[0.89 0.97];Average fixed raters;Normalized data;G2;beta3;C18
215;0.857372;7.011255;24;72;0.0;[0.74 0.93];Average fixed raters;Normalized data;G2;gamma;C18
216;0.781741;4.581715;24;72;0.0;[0.6  0.89];Average fixed raters;Normalized data;G2;delta;C20
217;0.939329;16.482297;24;72;0.0;[0.89 0.97];Average fixed raters;Normalized data;G2;theta;C20
218;0.922509;12.904744;24;72;0.0;[0.86 0.96];Average fixed raters;Normalized data;G2;alpha-1;C20
219;0.916854;12.027037;24;72;0.0;[0.85 0.96];Average fixed raters;Normalized data;G2;alpha-2;C20
220;0.871245;7.766668;24;72;0.0;[0.76 0.94];Average fixed raters;Normalized data;G2;beta1;C20
221;0.918294;12.23904;24;72;0.0;[0.85 0.96];Average fixed raters;Normalized data;G2;beta2;C20
222;0.90859;10.939689;24;72;0.0;[0.83 0.96];Average fixed raters;Normalized data;G2;beta3;C20
223;0.787159;4.698336;24;72;0.0;[0.61 0.9 ];Average fixed raters;Normalized data;G2;gamma;C20
224;0.82073;5.578182;24;72;0.0;[0.67 0.91];Average fixed raters;Normalized data;G2;delta;C22
225;0.934644;15.300745;24;72;0.0;[0.88 0.97];Average fixed raters;Normalized data;G2;theta;C22
226;0.936571;15.765594;24;72;0.0;[0.88 0.97];Average fixed raters;Normalized data;G2;alpha-1;C22
227;0.927707;13.832571;24;72;0.0;[0.87 0.96];Average fixed raters;Normalized data;G2;alpha-2;C22
228;0.892356;9.289877;24;72;0.0;[0.8  0.95];Average fixed raters;Normalized data;G2;beta1;C22
229;0.944512;18.022074;24;72;0.0;[0.9  0.97];Average fixed raters;Normalized data;G2;beta2;C22
230;0.953559;21.532663;24;72;0.0;[0.91 0.98];Average fixed raters;Normalized data;G2;beta3;C22
231;0.914026;11.631445;24;72;0.0;[0.84 0.96];Average fixed raters;Normalized data;G2;gamma;C22
232;0.740899;3.859505;24;72;5e-06;[0.52 0.87];Average fixed raters;Normalized data;G2;delta;C23
233;0.910006;11.111833;24;72;0.0;[0.83 0.96];Average fixed raters;Normalized data;G2;theta;C23
234;0.853401;6.821338;24;72;0.0;[0.73 0.93];Average fixed raters;Normalized data;G2;alpha-1;C23
235;0.876286;8.083153;24;72;0.0;[0.77 0.94];Average fixed raters;Normalized data;G2;alpha-2;C23
236;0.876582;8.102575;24;72;0.0;[0.77 0.94];Average fixed raters;Normalized data;G2;beta1;C23
237;0.898931;9.8942;24;72;0.0;[0.81 0.95];Average fixed raters;Normalized data;G2;beta2;C23
238;0.823508;5.665974;24;72;0.0;[0.68 0.91];Average fixed raters;Normalized data;G2;beta3;C23
239;0.874732;7.982896;24;72;0.0;[0.77 0.94];Average fixed raters;Normalized data;G2;gamma;C23
240;0.768707;4.323518;24;72;1e-06;[0.57 0.89];Average fixed raters;Normalized data;G2;delta;C24
241;0.942216;17.305941;24;72;0.0;[0.89 0.97];Average fixed raters;Normalized data;G2;theta;C24
242;0.901958;10.199742;24;72;0.0;[0.82 0.95];Average fixed raters;Normalized data;G2;alpha-1;C24
243;0.888781;8.991291;24;72;0.0;[0.8  0.95];Average fixed raters;Normalized data;G2;alpha-2;C24
244;0.894618;9.489286;24;72;0.0;[0.81 0.95];Average fixed raters;Normalized data;G2;beta1;C24
245;0.94123;17.015414;24;72;0.0;[0.89 0.97];Average fixed raters;Normalized data;G2;beta2;C24
246;0.862589;7.277433;24;72;0.0;[0.75 0.93];Average fixed raters;Normalized data;G2;beta3;C24
247;0.87374;7.920146;24;72;0.0;[0.77 0.94];Average fixed raters;Normalized data;G2;gamma;C24
248;0.678317;3.108648;24;72;0.000109;[0.41 0.84];Average fixed raters;Normalized data;G2;delta;C25
249;0.920171;12.526844;24;72;0.0;[0.85 0.96];Average fixed raters;Normalized data;G2;theta;C25
250;0.90164;10.166767;24;72;0.0;[0.82 0.95];Average fixed raters;Normalized data;G2;alpha-1;C25
251;0.910778;11.208011;24;72;0.0;[0.84 0.96];Average fixed raters;Normalized data;G2;alpha-2;C25
252;0.912999;11.494123;24;72;0.0;[0.84 0.96];Average fixed raters;Normalized data;G2;beta1;C25
253;0.949904;19.961564;24;72;0.0;[0.91 0.98];Average fixed raters;Normalized data;G2;beta2;C25
254;0.931381;14.573251;24;72;0.0;[0.87 0.97];Average fixed raters;Normalized data;G2;beta3;C25
255;0.901566;10.159136;24;72;0.0;[0.82 0.95];Average fixed raters;Normalized data;G2;gamma;C25
